question_id,question,options,correct_answer,model_answer,is_correct,response_time,error_message
1,حكم الطهارة لمن أراد أداء الصلاة:,"أ: واجبة بإجماع المسلمين
ب: مستحبة عند جمهور العلماء
ج: سنة مؤكدة",أ,واجبية الطهارة قبل الصلاة هي إجماع بين علماء الدين، بما في ذلك المذهب المالكي. لذا، الخيار الصحيح هو (أ).,False,13.814775705337524,
2,ما هو حكم الوضوء بفضل وضوء مسلم آخر:,"أ: محرم بإجماع العلماء
ب: جائز بإجماع العلماء
ج: مكروه عند جمهور العلماء",ب,ج: مكروه عند جمهور العلماء، لكن بعض الفقهاء المالكيين يرون أنه مباح. ومع ذلك، لا يوجد إجماع بين جميع العلماء على هذا الأمر. ولكن بناءً على الرأي الأكثر شيوعاً، يمكن القول أن الخيار (ج) هو الأقرب للحقيقة في الفقه المالكي حيث يُعتبر الوضوء بفضل وضوء مسلم آخر مكروهاً. لكن يجب التنويه إلى أنه ليس هناك إجماع كامل بين جميع العلماء حول هذا الموضوع.,True,10.399881839752197,
3,حكم وضوء الرجل والمرأة معاً في إناء واحد:,"أ: محرم بإجماع العلماء
ب: مكروه عند الجمهور
ج: جائز بإجماع العلماء",ج,ج: غير جائز، لكن هذا ليس بالإجماع. الحقيقة هي أن جمهور الفقهاء يرون الوضوء من إناء واحد بين الرجل والمرأة مكروهٌ، بينما بعضهم مثل المالكية يعتبرونه حرامًا. ولكن لا يمكن القول بأن جميع العلماء متفقون على حرمته (أ) ولا على جوازه (ج). لذلك، الخيار الأكثر دقة ليس موجود ضمن هذه الاختيارات الثلاثة كما تم صياغتها. لكن بناءً على المعلومات المتاحة، سيكون أقرب خيار هو ب: مكروه عند الجمهور. ولكن يجب أن نلاحظ أن هذا لا يعكس الإجماع الكامل بين العلماء.,False,13.435052156448364,
4,حكم ماء البحر للوضوء:,"أ: طهور بإجماع العلماء
ب: نجس بإجماع العلماء
ج: مكروه للوضوء",أ,الإجابة: أ - طهور بإجماع العلماء. لكن يجب التنويه أن هذا الرأي ليس بالإجماع الكامل بين جميع الفقهاء، حيث يرى بعضهم أنه لا يجوز الوضوء بماء البحر بسبب الملح فيه، ولكن الأكثرية من الفقهاء المالكيين يرون أنه يمكن استخدامه للوضوء. ومع ذلك، فإن الخيار (أ) هو الأقرب للإجابة بناءً على الفقه المالكي التقليدي.,False,8.89491891860962,
5,حكم الوضوء بالمائعات غير الماء:,"أ: جائز بإجماع العلماء
ب: لا يجوز بإجماع العلماء (عدا النبيذ محل خلاف)
ج: مستحب عند الحاجة",ب,"ب: لا يجوز بإجماع العلماء (عدا النبيذ، حيث يوجد اختلاف بين الفقهاء). لكن يجب التنويه أن هذا الخلاف يخص المذهب الحنفي وليس الفقه المالكي تحديداً. في الفقه المالكي، الوضوء بغير الماء غير مقبول بشكل عام.

لكن بناءً على السؤال المطروح ضمن إطار الفقه المالكي، فإن الإجابة الأقرب ستكون: لا يوجد خيار صحيح بين الخيارات المعطاة لأن الفقه المالكي يرفض الوضوء بغير الماء تماماً وليس فقط بإجماع العلماء (بما في ذلك النبيذ). لكن بناءً على الخيارات المقدمة، يمكن القول أن **لا** من هذه الخيارات صحيحة بشكل كامل ضمن إطار الفقه المالكي.

(ملاحظة: هذا تفسير معقد للسؤال وقد يكون هناك حاجة لمزيد من التوضيح حسب السياق الدقيق للتعليمات).
الثقة: 90%",True,18.236520051956177,
6,حكم الاستنجاء بالماء:,"أ: واجب بإجماع العلماء
ب: جائز ومجمع عليه
ج: مستحب عند الجمهور",ب,"ب: جائز ومجمع عليه بين الفقهاء المالكيين، لكن يُفضل أن يكون واجباً بناءً على آراء بعض العلماء الآخرين خارج المذهب المالكي. ومع ذلك، وفقاً للمذهب المالكي نفسه، فإن الاستنجاء بالماء هو **جائز** وليس واجبًا بإجماعهم. لذا، الخيار الصحيح هنا سيكون (ب). لكن يجب التنويه أن هذا قد يتغير بناءً على التفسيرات الدقيقة داخل المذاهب الفقهية المختلفة. 

ولكن للإجابة بشكل أكثر دقة وفقاً للمذهب المالكي فقط: **(ب)** جائز ومجمع عليه بين الفقهاء المالكيين.",True,12.300173044204712,
7,حكم الاستجمار بالأحجار:,"أ: محرم بإجماع العلماء
ب: جائز ومجمع عليه
ج: مكروه عند الجمهور",ب,"ج: مكروه عند الجمهور، لكنه ليس محرماً بالإجماع. ومع ذلك، يُفضل استخدام الماء للاستجمار كما هو معروف في الفقه المالكي. ولكن لا يوجد إجماع على تحريمه بالأحجار بشكل قاطع. لذا، يمكن القول أن الخيار (أ) غير صحيح تماماً بناءً على التفصيل الدقيق للفقه المالكي. لكن بالنظر إلى السياق الأكثر شيوعاً، فإن ""مكروه"" قد يكون أفضل وصف بين هذه الخيارات الثلاثة. ولكن يجب التنويه بأن هذا ليس إجماع كامل في الفقه المالكي.",True,11.186007499694824,
8,حكم الجمع بين الاستجمار والاستنجاء بالماء:,"أ: محرم بإجماع العلماء
ب: جائز ومجمع عليه
ج: مكروه عند الجمهور",ب,"ج: مكروه عند الجمهور، لكن بعض الفقهاء المالكيين يرون أنه مباح. ومع ذلك، فإن الخيار الأكثر شيوعاً بين المالكية هو أن الجمع بين الاستجمار والاستنجاء بالماء ليس مستحباً ولكنه لا يُحرّم أيضاً. ولكن يجب التنويه إلى أن هذا الرأي قد يتغير بناءً على التفاصيل الدقيقة للظروف التي يتم فيها القيام بهذه الأفعال. لكن بشكل عام، الخيار (ج) هو الأكثر شيوعاً بين المالكية.

(ولكن للإجابة ببساطة وفق الخيارات المعطاة: ج)",True,12.45619821548462,
9,حكم الاستجمار بغير الحجارة:,"أ: محرم بإجماع العلماء
ب: جائز بالطاهر المنقي ما لم يكن طعاماً
ج: واجب استخدام الحجارة فقط",ب,"ب: جائز بالطاهر المنقي ما لم يكن طعاماً

(لكن يجب التنويه أن هذا الحكم ليس بالإجماع، بل هو رأي بعض العلماء بما في ذلك المالكية) ولكن بناءً على الخيارات المعطاة، فإن (ب) يمثل أفضل خيار متاح.",True,6.651589393615723,
10,حكم الاستجمار مع وجود الماء:,"أ: محرم مع وجود الماء
ب: جائز ومجمع عليه
ج: مكروه مع وجود الماء",ب,ج: مكروه مع وجود الماء,False,1.5631887912750244,
11,حكم الاستنجاء باليد اليمنى:,"أ: جائز بإجماع العلماء
ب: منهي عنه بإجماع العلماء
ج: مستحب عند الحاجة",ب,ب: منهي عنه بإجماع العلماء,True,2.060622453689575,
12,حكم السواك عند الصلاة:,"أ: واجب بإجماع العلماء
ب: مستحب ومشروع بإجماع العلماء
ج: مباح فقط",ب,ب: مستحب ومشروع بإجماع العلماء,True,1.975764274597168,
13,حكم الختان للرجال:,"أ: واجب بإجماع العلماء
ب: من سنن الإسلام ومشروع بإجماع العلماء
ج: مستحب فقط",ب,ب: من سنن الإسلام ومشروع بإجماع العلماء,True,2.321922540664673,
14,حكم التثليث في الوضوء:,"أ: واجب بإجماع العلماء
ب: غير واجب بإجماع العلماء
ج: مستحب عند الجمهور",ب,ج: مستحب عند الجمهور، لكنه ليس واجباً ولا متفقاً عليه بالإجماع بين جميع العلماء. يُذكر أن بعض الفقهاء المالكيين يرون أنه مندوب وليس مستحباً فقط. ومع ذلك، بناءً على الخيارات المقدمة، فإن الجواب الأقرب سيكون (ج).,True,6.677023887634277,
15,ما هو حكم استقبال القبلة في الصلاة:,"أ: مستحب عند الجمهور
ب: واجب بإجماع العلماء
ج: سنة مؤكدة",ب,ب: واجب بإجماع العلماء، لكن يُشار إلى أن بعض المذاهب الأخرى قد تعتبره سُنّةً مُؤكَّدة. ولكن وفقاً للفقه المالكي، فهو واجب. لذا يمكن القول إن الخيار (ب) هو الأكثر دقة ضمن الخيارات المعطاة.,True,6.379202604293823,
16,حكم الطهارة للصلاة:,"أ: مستحبة عند الجمهور
ب: واجبة بإجماع المسلمين
ج: سنة مؤكدة",ب,"ب: واجبة بإجماع المسلمين (لكن يجب التنويه، رغم أن بعض العلماء قد يعتبرونها ""مستحبة"" في حالات خاصة، إلا أن الإجماع العام بين الفقهاء يشير إلى أنها واجبة) - لكن بناءً على الفقه المالكي تحديداً، يمكن القول بأنها واجبة. ولكن للإجابة الأكثر دقة ضمن الخيارات المعطاة, سيكون:

ب: واجبة بإجماع المسلمين (في الفقه المالكي). 

لكن يجب العلم أن هذا قد لا يكون صحيحا تماما حسب جميع المدارس الفقهية الأخرى حيث يعتبر البعض أنها ""مستحبة"" في حالات معينة. لكن بناء على سؤالك الموجه لي كخبير في الفقه المالكي، الخيار ب هو الأكثر دقة ضمن هذه القائمة.",True,14.588425636291504,
17,حكم قراءة الفاتحة في الصلاة:,"أ: مستحبة عند الجمهور
ب: واجبة بإجماع العلماء
ج: سنة مؤكدة",ب,ب: واجبة بإجماع العلماء (في المذهب المالكي، يُعتبر قراءة الفاتحة واجبة في الصلاة) لكن يجب التنويه أن بعض المدارس الأخرى قد تعتبرها مستحبة أو سنة مؤكدة. ولكن بناءً على طلبك لتقديم الإجابة من منظور الفقه المالكي، الخيار ب هو الأكثر دقة.,True,7.153989315032959,
18,حكم الزكاة في الإسلام:,"أ: مستحبة عند الجمهور
ب: واجبة بإجماع المسلمين
ج: سنة مؤكدة",ب,ب: واجبة بإجماع المسلمين,True,1.7570085525512695,
19,حكم التيمم عند عدم وجود الماء:,"أ: محرم بإجماع العلماء
ب: جائز بإجماع العلماء
ج: مكروه عند الجمهور",ب,ب: جائز بإجماع العلماء,True,2.8597803115844727,
20,حكم المسح على الخفين:,"أ: محرم بإجماع العلماء
ب: جائز بإجماع العلماء
ج: مكروه عند الجمهور",ب,ب: جائز بإجماع العلماء,True,1.7419061660766602,
21,حكم الصلاة على الميت:,"أ: سنة مؤكدة
ب: فرض كفاية بإجماع العلماء
ج: مستحبة فقط",ب,أ: سنة مؤكدة,False,1.5558319091796875,
22,حكم سجود السهو:,"أ: مستحب فقط
ب: واجب عند جمهور العلماء
ج: سنة مؤكدة",ب,ب: واجب عند جمهور العلماء,True,1.688018798828125,
23,حكم صلاة الجمعة على الرجال:,"أ: سنة مؤكدة
ب: فرض عين بإجماع العلماء
ج: فرض كفاية",ب,"ب: فرض عين بإجماع العلماء (لكن يجب التنويه أن بعض الفقهاء المالكيين يعتبرونها فرضا على الكفاية، لكن الإجماع العام بين جمهور المسلمين هو أنها فرض عين) - ولكن بناءً على الفقه المالكي التقليدي، الخيار الأكثر دقة سيكون:

ب: فرض كفاية. (لكن يُرجى ملاحظة أن هذا قد لا يكون رأي جميع الفقهاء المالكيين) 

ومع ذلك، استناداً إلى الإجماع العام بين المسلمين، فإن الجواب الصحيح سيكون ب: فرض عين بإجماع العلماء. ولكن بناءً على الفقه المالكي التقليدي، الخيار الأكثر دقة من تلك المعروضة قد يكون ج: فرض كفاية. لكن يجب أن نلاحظ أن هذا ليس رأي جميع الفقهاء المالكيين.

**لكن للإجابة بشكل أكثر دقة وفقاً للفقه المالكي:** 
ج: فرض كفاية. (هذا هو الرأي الذي يُعزى إلى بعض الفقهاء المالكيين، ولكن كما ذكرت سابقًا، الإجماع العام بين المسلمين يعتبر صلاة الجمعة فرضا عينيا)

**ولكن بناءً على الإجماع العام بين المسلمين، فإن الجواب الصحيح سيكون:**
ب: فرض عين بإجماع العلماء. 

لكن إذا كنا نلتزم فقط بالفقه المالكي التقليدي، فقد يكون من الأفضل عدم اختيار أي خيار من تلك المعروضة لأنها لا تعكس تمامًا الرأي المالي في هذا الموضوع. ومع ذلك، بناءً على المعلومات المتاحة، فإن الخيار الأكثر دقة سيكون:

ج: فرض كفاية (وهو رأي بعض الفقهاء المالكيين). 

**لكن للإجابة بشكل أكثر دقة وفقاً للفقه المالكي التقليدي:**
لا يوجد خيار صحيح من تلك المعروضة. صلاة الجمعة في الفقه المالكي تعتبر فرضا على الكفاية، وليس فرض عين أو سنة مؤكدة. ومع ذلك، إذا كنا نلتزم بالإجماع العام بين المسلمين، فإن الجواب الصحيح سيكون ب: فرض عين بإجماع العلماء.

**ولكن بناءً على الإجماع العام بين المسلمين، فإن الجواب الصحيح سيكون:**
ب: فرض عين بإجماع العلماء. 

ومع ذلك، إذا كنا نلتزم بالفقه المالكي التقليدي، فمن الأفضل",True,43.338478088378906,
24,حكم صلاة العيدين:,"أ: فرض عين
ب: سنة مؤكدة عند جمهور العلماء
ج: فرض كفاية",ب,ب: سنة مؤكدة عند جمهور العلماء,True,1.8533360958099365,
25,حكم العمرة في العمر:,"أ: سنة مؤكدة
ب: واجبة مرة واحدة بإجماع العلماء
ج: مستحبة فقط",ب,"الإجابة: أ - سنة مؤكدة (لكن يُشار إلى أن بعض المذاهب الأخرى قد تعتبرها مستحبة، لكن في الفقه المالكي، تُعتبر العمرة سنة مؤكدة) ولكن بناءً على ما تم تدريسي كخبير في الفقه المالكي، الخيار الصحيح سيكون:

أ - سنة مؤكدة",False,6.985177755355835,
26,حكم صلاة التراويح:,"أ: فرض عين
ب: سنة مؤكدة بإجماع العلماء
ج: فرض كفاية",ب,ب: سنة مؤكدة بإجماع العلماء,True,2.904388189315796,
27,حكم البيع بشرط الخيار:,"أ: محرم بإجماع العلماء
ب: جائز بإجماع العلماء
ج: مكروه عند الجمهور",ب,ب: جائز بإجماع العلماء (في الفقه المالكي)؛ حيث يُعتبر البيع بشرط الخيار جائزاً، لكن يجب أن يكون الشرط واضحاً ومحدداً.,True,4.332653999328613,
28,حكم بيع الذهب بالذهب متفاضلاً (مع زيادة):,"أ: جائز بإجماع العلماء
ب: محرم بإجماع العلماء
ج: مكروه عند الجمهور",ب,"ج: مكروه عند الجمهور، لكنه لا يُحرم بشكل قاطع. ومع ذلك، يجب التنويه أن بعض الفقهاء المالكيين يعتبرونه حرامًا تحت ظروف معينة. ولكن بناءً على الإجماع العام بين العلماء، الخيار الأكثر دقة سيكون ""مكروه"".",True,6.358309030532837,
29,حكم بيع الفضة بالفضة متفاضلاً:,"أ: جائز بإجماع العلماء
ب: محرم بإجماع العلماء
ج: مكروه عند الجمهور",ب,"الإجابة: أ - جائز بإجماع العلماء، لكن هذا الإجماع ليس ثابتاً بشكل قاطع. بعض الفقهاء المالكيين يعتبرونه مكروهاً، بينما يراه آخرون مباحاً. ولكن بناءً على النصوص العامة في الفقه المالكي، يمكن القول أن البيع بالفضة بالفضة متفاضلاً جائز وليس محرماً. ومع ذلك، يجب التنويه إلى أن الرأي الأكثر شيوعاً بين الفقهاء المالكيين هو أنه مكروه. لذا، قد يكون الخيار (ج) أكثر دقة بناءً على التقاليد الفقهية المالكية الشائعة. لكن للإجابة المباشرة استنادا إلى الإجماع الذي ذكرته في السؤال الأول، سيكون الجواب (أ). ولكن يجب توخي الحذر هنا لأن هذا الإجماع ليس ثابتاً بشكل قاطع كما ذكرت سابقاً.
(الخيار الصحيح بناءً على التقاليد الفقهية المالكية الشائعة: ج)",True,18.48538875579834,
30,حكم بيع الطعام بالطعام متفاضلاً:,"أ: جائز بإجماع العلماء
ب: محرم بإجماع العلماء
ج: مكروه عند الجمهور",ب,"الإجابة: أ - جائز بإجماع العلماء (لكن يجب التنويه، هذا ليس صحيحاً بشكل مطلق حسب الفقه المالكي. في الفقه المالكي، بيع الطعام بالطعام متفاضلاً يُعتبر مكروهاً وليس محرماً). لكن بناءً على الخيارات المعطاة، لا يوجد خيار دقيق تمامًا من وجهة النظر المالكية. ولكن إذا اضطررنا للاختيار بين هذه الثلاثة، فإن ""ج"" - مكروه عند الجمهور - سيكون الأقرب للصواب في الفقه المالكي. ومع ذلك، يُفضل دائماً الرجوع إلى مصدر موثوق أو عالم دين للحصول على تفسير دقيق.

(ملاحظة: بناءً على المعلومات المتاحة لي، يبدو أن الخيار ""ج"" هو الأكثر قرباً من الحقيقة ضمن هذه الخيارات الثلاثة في الفقه المالكي.)",True,15.951545476913452,
31,حكم بيع العربون:,"أ: محرم بإجماع العلماء
ب: جائز عند جمهور العلماء
ج: مكروه عند الجمهور",ب,ب: جائز عند جمهور العلماء,True,1.6824681758880615,
32,حكم الشفعة في العقار:,"أ: محرمة بإجماع العلماء
ب: ثابتة بإجماع العلماء
ج: مكروهة عند الجمهور",ب,ثابتة بإجماع العلماء (ب),True,1.885338544845581,
33,حكم الوقف في الإسلام:,"أ: محرم بإجماع العلماء
ب: جائز ومستحب بإجماع العلماء
ج: مكروه عند الجمهور",ب,ب: جائز ومستحب بإجماع العلماء,True,2.1869747638702393,
34,حكم الهبة:,"أ: محرمة بإجماع العلماء
ب: جائزة ومستحبة بإجماع العلماء
ج: مكروهة عند الجمهور",ب,"ب: جائزة ومستحبة بإجماع العلماء (في الفقه المالكي، كما في المذاهب الأخرى) ولكن يجب التنويه أن بعض الحالات قد تكون فيها الهبة غير مستحبة أو حتى محرمة بناءً على الظروف الخاصة. لكن بشكل عام، تعتبر الهبة جائزة ومستحبة.

الإجابة الصحيحة من بين الخيارات المعطاة: ب",True,8.984883785247803,
35,حكم العارية:,"أ: محرمة بإجماع العلماء
ب: جائزة بإجماع العلماء
ج: مكروهة عند الجمهور",ب,ب: جائزة بإجماع العلماء (في الفقه المالكي),True,2.518486976623535,
36,حكم إعارة السلاح في الفتنة:,"أ: جائزة بإجماع العلماء
ب: محرمة بإجماع العلماء
ج: مكروهة عند الجمهور",ب,ب: محرمة بإجماع العلماء (حسب الفقه المالكي),True,2.5350937843322754,
37,حكم الوديعة (حفظ المال):,"أ: محرمة بإجماع العلماء
ب: جائزة وواجبة عند الجمهور
ج: مكروهة عند الجمهور",ب,"ج: مكروهة عند الجمهور، لكن هذا ليس صحيحاً تماماً وفق الفقه المالكي. في الواقع، الوديعة ليست محرمة ولا مكروهة، بل هي جائزة وواجبة إذا طلبها صاحب المال أو كان هناك ضرر محتمل على المودع إن لم يحفظ. ولكن بناءً على الخيارات المعطاة، لا يوجد خيار دقيق تماماً من وجهة النظر الفقهية المالكيّة. لكن للإكمال، يمكن القول أن الوديعة ليست مكروهة (ج)، لكنها أيضاً ليست جائزة وواجبة بالإجماع كما ذكر في ب. إنها واجبة أو مستحبة حسب الظروف. ولكن بناءً على الخيارات المعطاة، لا يوجد خيار دقيق تماماً من وجهة النظر الفقهية المالكيّة.

لكن للإجابة بشكل أكثر توافقاً مع الخيارات المحددة:
ب: جائزة وواجبة عند الجمهور - هذا ليس صحيحاً بالكامل في الفقه المالكي، لكنه أقرب إلى الحقيقة بين الخيارات المعطاة مقارنة بـ أ أو ج. ومع ذلك، يجب أن نلاحظ أن الوديعة ليست دائماً واجبة بالإجماع في الفقه المالكي؛ إنها تعتمد على الظروف.
لكن بناءً على القواعد العامة للفقه المالكي، لا يمكننا اختيار أي من هذه الخيارات بشكل دقيق تماماً. لكن للإجابة ضمن الخيارات المعطاة:

ب: جائزة وواجبة عند الجمهور - هذا أقرب إلى الحقيقة بين الخيارات المحددة، ولكن يجب أن نلاحظ أنها ليست دائماً واجبة بالإجماع في الفقه المالكي.
لكن بناءً على القواعد العامة للفقه المالكي، لا يمكننا اختيار أي من هذه الخيارات بشكل دقيق تماماً. ومع ذلك، إذا كان علينا الاختيار من بين الخيارات المعطاة:

ب: جائزة وواجبة عند الجمهور - هذا أقرب إلى الحقيقة بين الخيارات المحددة، ولكن يجب أن نلاحظ أنها ليست دائماً واجبة بالإجماع في الفقه المالكي.
لكن بناءً على القواعد العامة للفقه المالكي، لا يمكننا اختيار أي من هذه الخيارات بشكل دقيق تماماً. ومع ذلك، إذا كان علينا الاختيار من بين الخيارات المعطاة:

ب: جائزة وواجبة عند الجمهور - هذا أقرب إلى الحقيقة بين الخيارات المحددة، ولكن يجب أن نلاحظ أنها",True,42.75156331062317,
38,حكم الوكالة:,"أ: محرمة بإجماع العلماء
ب: جائزة بإجماع العلماء
ج: مكروهة عند الجمهور",ب,ب: جائزة بإجماع العلماء,True,1.7966229915618896,
39,حكم المضاربة (شركة بين مال وعمل):,"أ: محرمة بإجماع العلماء
ب: جائزة بإجماع العلماء
ج: مكروهة عند الجمهور",ب,ب: جائزة بإجماع العلماء، ولكن يُشار إلى أن هذا الإجماع ليس عالمياً. في الفقه المالكي تحديداً، تعتبر المضاربة (شركة بين مال وعمل) حلال ومسموح بها.,True,5.120199203491211,
40,حكم المساقاة (شركة بين شجر وعمل):,"أ: محرمة بإجماع العلماء
ب: جائزة بإجماع العلماء
ج: مكروهة عند الجمهور",ب,ب: جائزة بإجماع العلماء، ولكن يُفضل التنويه أن هذا الإجماع ليس منسجمًا تمامًا بين جميع المذاهب الفقهية. في الفقه المالكي تحديدًا، تعتبر المساقاة (شركة الشجر والعمل) جائزة بشرط توافر شروط معينة.,True,7.743057727813721,
41,حكم المزارعة (شركة بين أرض وعمل):,"أ: محرمة بإجماع العلماء
ب: جائزة بإجماع العلماء
ج: مكروهة عند الجمهور",ب,ب: جائزة بإجماع العلماء، ولكن يجب التنويه أن هذا الإجماع ليس منسجمًا تمامًا بين جميع المدارس الفقهية. في المذهب المالكي تحديدًا، تعتبر المزارعة (شركة الأرض والعمل) حلال ومباحة بشرط توافر الشروط الشرعية.,True,6.754079580307007,
42,حكم الصلح بين الخصوم:,"أ: محرم بإجماع العلماء
ب: جائز ومستحب بإجماع العلماء
ج: مكروه عند الجمهور",ب,ب: جائز ومستحب بإجماع العلماء (في الفقه المالكي),True,2.6219823360443115,
43,حكم الإبراء من الدين:,"أ: محرم بإجماع العلماء
ب: جائز بإجماع العلماء
ج: مكروه عند الجمهور",ب,"ب: جائز بإجماع العلماء

(لكن يجب التنويه، هذا ليس بالضرورة صحيحاً في جميع المدارس الفقهية. وفقا للمذهب المالكي، الإبراء من الدين يعتبر حسناً أو مأجوراً عليه إذا كان الدائن قادراً على الوفاء.) لكن بناءً فقط على الخيارات المعطاة، فإن ""جائز بإجماع العلماء"" (الخيار ب) ليس صحيحاً بشكل مطلق. ومع ذلك، في سياق السؤال حيث لا يوجد خيار دقيق تمامًا، يمكن اعتبار هذا كأقل خطأ بين الخيارات الثلاثة بناءً على المعلومات العامة حول الفقه الإسلامي.) ولكن يجب أن نلاحظ أن الإجابة الأكثر دقة ستكون غير موجودة ضمن هذه الخيارات الثلاث.

(ملاحظة: في المذهب المالكي، يُعتبر الإبراء من الدين حسناً أو مأجوراً عليه إذا كان الدائن قادراً على الوفاء. هذا يختلف عن ""جائز بإجماع العلماء"" الذي قد يعني أن جميع المدارس الفقهية تعتبره جائزاً، وهو ليس صحيحاً.)",True,20.347187280654907,
44,حكم إجارة العين لمالكها:,"أ: محرمة بإجماع العلماء
ب: جائزة عند جمهور العلماء
ج: مكروهة عند الجمهور",ب,ب: جائزة عند جمهور العلماء,True,1.9284155368804932,
45,حكم الإجارة على الأعمال المحرمة:,"أ: جائزة بإجماع العلماء
ب: باطلة ومحرمة بإجماع العلماء
ج: مكروهة عند الجمهور",ب,ب: باطلة ومحرمة بإجماع العلماء,True,2.2355539798736572,
46,حكم إجارة الرجل لامرأة أجنبية للإرضاع:,"أ: محرمة بإجماع العلماء
ب: جائزة بإجماع العلماء
ج: مكروهة عند الجمهور",ب,أ: محرمة بإجماع العلماء,False,2.241295099258423,
47,حكم الجعالة (جعل أجرة على عمل مجهول):,"أ: محرمة بإجماع العلماء
ب: جائزة بإجماع العلماء
ج: مكروهة عند الجمهور",ب,"ب: جائزة بإجماع العلماء، لكن يجب أن يكون العمل معلومًا من حيث نوعه، وإن كان مجهولاً من حيث مقدار ثمنه. ولكن هذا ليس إجماع كامل بين جميع الفقهاء؛ فالجمهور منهم يرونها مكروهة إن كانت الجائزة كثيرةً أو غير متناسبة مع العمل. ومع ذلك، في الفقه المالكي تحديدًا، تعتبر الجعالة جائزة بشرط معرفة نوع العمل حتى لو كان ثمنه مجهولاً.

**الإجابة المختصرة:** ب (جائزة بإجماع العلماء - ضمن السياق الفقهي المالكي) لكن مع ملاحظة أن هذا ليس إجماعًا كاملًا بين جميع المدارس الفقهية الأخرى.",True,13.915468215942383,
48,حكم السبق (الجائزة) في المسابقات:,"أ: محرم في جميع الحالات
ب: جائز في الخيل والإبل والسهام بإجماع العلماء
ج: مكروه عند الجمهور",ب,ب: جائز في الخيل والإبل والسهام بإجماع العلماء، لكن يُشار إلى أن هذا الإجماع ليس عاماً، حيث يرى بعض الفقهاء كالمالكية والحنابلة أنه لا يجوز إلا إذا كانت الجائزة مما لم يخلق. ولكن بشكل عام، يمكن القول إن الخيار (ب) يعكس وجهة نظر إجماعية بين العديد من العلماء في هذا الشأن. لكن يجب التنويه إلى أن التفاصيل الدقيقة قد تختلف بناءً على المذهب الفقهي.,True,11.479786157608032,
49,حكم الرهن:,"أ: محرم بإجماع العلماء
ب: جائز بإجماع العلماء
ج: مكروه عند الجمهور",ب,ب: جائز بإجماع العلماء,True,1.85691237449646,
50,حكم الكفالة والضمان:,"أ: محرمان بإجماع العلماء
ب: الكفالة والضمان جائزان بإجماع العلماء
ج: مكروهان عند الجمهور",ب,"ب: الكفالة والضمان جائزان بإجماع العلماء (في الفقه المالكي، كما في المذاهب الأخرى) ولكن يجب مراعاة الشروط والأحكام الشرعية لكل منهما. ومع ذلك، يُفضل توضيح أن هذا الإجماع ليس بالإجماع المطلق بين جميع المدارس الفقهية؛ حيث قد يختلف بعض الفقهاء حول جوانب معينة من هذه المسائل. لكن بشكل عام، يمكن القول إن الخيار (ب) يعكس الرأي العام في المذهب المالكي.

الإجابة الصحيحة: ب",True,16.04389715194702,
51,حكم الحوالة:,"أ: الحوالة محرمة بإجماع العلماء
ب: الحوالة جائزة بإجماع العلماء
ج: الحوالة مكروهة عند الجمهور",ب,ب: الحوالة جائزة بإجماع العلماء (في الفقه المالكي، كما هو مفهوم من سياق كونك خبيرًا في الفقه المالكي) - لكن يجب التنويه أن هذا ليس الإجماع العام بين جميع المدارس الفقهية. بعض المذاهب قد ترى الحوالة تحت ظروف معينة كمكروهة أو حتى محرمة. ولكن بناءً على سياق كونك خبيرًا في الفقه المالكي، فإن الخيار (ب) سيكون الصحيح.,True,10.360233545303345,
52,حكم الأيمان:,"أ: الأيمان محرمة بإجماع العلماء
ب: الأيمان جائزة بالله وصفاته
ج: الأيمان مكروهة عند الجمهور",ب,"الإجابة الصحيحة هي ب: الأيمان جائزة بالله وصفاته. لكن يجب التنويه أن هذا الحكم يعتمد على السياق، حيث يمكن اعتبار اليمين كمحرم إذا كانت ستؤدي إلى ضرر أو خيانة. ولكن بشكل عام، الإيمان بالله ووصفه هو أمر مطلوب ومستحب في الإسلام.

لكن بناءً على الخيارات المعطاة، فإن الجواب الأكثر دقة من بينها سيكون ب: الأيمان جائزة بالله وصفاته.",True,9.936398983001709,
53,حكم الصيد بالكلب المعلم:,"أ: الصيد بالكلب المعلم محرم بإجماع العلماء
ب: الصيد بالكلب المعلم جائز بإجماع العلماء
ج: الصيد بالكلب المعلم مكروه عند الجمهور",ب,ب: الصيد بالكلب المعلم جائز بإجماع العلماء (في المذهب المالكي)؛ حيث يُعتبر الكلب المعلم أداة مساعدة في الصيد، وليس محرمًا. لكن يجب التنويه أن بعض المدارس الفقهية الأخرى قد يكون لها آراء مختلفة حول هذا الموضوع. ولكن بناءً على السؤال الذي يطلب الإجابة من منظور الفقه المالكي، الخيار (ب) هو الصحيح.,True,9.870572566986084,
54,حكم الذبائح:,"أ: الذبائح محرمة بإجماع العلماء
ب: الذبائح حلال بإجماع المسلمين ما لم تذبح لغير الله
ج: الذبائح مكروهة عند الجمهور",ب,ب: الذبائح حلال بإجماع المسلمين ما لم تذبح لغير الله,True,2.8887362480163574,
55,حكم الصيد بالجوارح (غير الكلب):,"أ: الصيد بالجوارح (غير الكلب) محرم بإجماع العلماء
ب: الصيد بالجوارح (غير الكلب) جائز بإجماع العلماء
ج: الصيد بالجوارح (غير الكلب) مكروه عند الجمهور",ب,"ج: الصيد بالجوارح (غير الكلب) مكروه عند الجمهور، لكنه ليس محرماً بالإجماع. ومع ذلك، يُفضل استخدام الكلاب في الصيد حسب المذهب المالكي. ولكن يجب التنويه أن هذا لا يعني الإجماع بين جميع العلماء حول هذه المسألة.

(الخيار الصحيح: ج)",True,9.038845539093018,
56,حكم الأضحية:,"أ: الأضحية فرض عين
ب: الأضحية سنة مؤكدة عند جمهور العلماء
ج: الأضحية فرض كفاية",ب,ب: الأضحية سنة مؤكدة عند جمهور العلماء,True,2.0094878673553467,
57,حكم العقيقة عن المولود:,"أ: العقيقة فرض عين
ب: العقيقة سنة مؤكدة بإجماع العلماء
ج: العقيقة فرض كفاية",ب,ب: العقيقة سنة مؤكدة بإجماع العلماء,True,2.384178400039673,
58,حكم الجهاد في سبيل الله:,"أ: الجهاد فرض عين على كل مسلم
ب: الجهاد فرض كفاية بإجماع العلماء
ج: الجهاد سنة مؤكدة",ب,"ب: الجهاد فرض كفاية بإجماع العلماء، لكن يُشار إلى أن هذا الرأي ليس بالإجماع الكامل بين جميع الفقهاء المالكيين. بعضهم يرى أنه يمكن أن يكون فرضا عينيا في حالات معينة. ومع ذلك، بشكل عام، الفقه المالكي يميل نحو اعتبار الجهاد كفرض كفاية.

(لكن يجب التنويه بأن هذا الرأي ليس بالإجماع الكامل بين جميع الفقهاء المالكيين) - هذه العبارة يمكن إضافتها لتوضيح أن الإجابة ليست بالضرورة بإجماع كامل من قبل كل فقهاء المذهب المالكي.",True,11.994306802749634,
59,حكم قتال المرتد:,"أ: قتال المرتد محرم بإجماع العلماء
ب: قتال المرتد واجب بإجماع العلماء
ج: قتال المرتد مكروه عند الجمهور",ب,ب: قتال المرتد واجب بإجماع العلماء (في المذهب المالكي، كما هو الحال في معظم المدارس الفقهية الأخرى),True,4.129401683807373,
60,حكم قتال البغاة:,"أ: قتال البغاة محرم بإجماع العلماء
ب: قتال البغاة واجب بإجماع العلماء
ج: قتال البغاة مكروه عند الجمهور",ب,ب: قتال البغاة واجب بإجماع العلماء (في الفقه المالكي),True,3.8087430000305176,
61,حكم قتال أهل الذمة:,"أ: قتال أهل الذمة واجب بإجماع العلماء
ب: قتال أهل الذمة محرم بإجماع العلماء ما لم ينقضوا العهد
ج: قتال أهل الذمة مكروه عند الجمهور",ب,ب: قتال أهل الذمة محرم بإجماع العلماء ما لم ينقضوا العهد,True,3.108457088470459,
62,حكم الجزية:,"أ: الجزية محرمة بإجماع العلماء
ب: الجزية واجبة على أهل الكتاب بإجماع العلماء
ج: الجزية مكروهة عند الجمهور",ب,ب: الجزية واجبة على أهل الكتاب بإجماع العلماء,True,2.479153633117676,
63,حكم الرق (العبودية):,"أ: الرق محرم بإجماع العلماء
ب: الرق مشروع في بعض الحالات وبشروط بإجماع العلماء
ج: الرق مكروه عند الجمهور",ب,"ب: الرق مشروع في بعض الحالات وبشروط بإجماع العلماء (في الفقه المالكي، كما هو الحال مع معظم المدارس الأخرى) لكن يجب أن يُذكر أنه تم إلغاء العبودية بشكل قانوني عالميًا الآن. ولكن وفقًا للتقاليد الدينية قبل هذه القوانين العالمية، فإن الرق كان مقبولاً تحت ظروف محددة وبشروط صارمة جداً. ومع ذلك، من الجدير بالذكر أن الإسلام يشجع على تحرير العبيد كلما أمكن ذلك.

الإجابة الصحيحة هي ب: الرق مشروع في بعض الحالات وبشروط بإجماع العلماء (في الفقه المالكي).",True,12.88598370552063,
64,حكم العتق:,"أ: العتق محرم بإجماع العلماء
ب: العتق مستحب بإجماع المسلمين
ج: العتق مكروه عند الجمهور",ب,"ج: العتق ليس مكروهاً، بل هو مباح ومستحب لدى المالكية وغيرهم من بعض الفقهاء. لكن لا يوجد إجماع على أنه ""مستحب"" كما ذُكر في الخيار (ب). لذلك، يمكن القول إن الإجابات ليست دقيقة تماماً بناءً على الفقه المالكي. ولكن إذا اضطررنا لاختيار واحد، فإن العتق ليس مكروهًا، وبالتالي يكون الجواب الأقرب هو **ج** مع ملاحظة أن هذا الاختلاف في التوصيف مقارنة بالإجماع المذكور في الخيارات. لكن يجب التنويه بأن الفقه المالكي يعتبر العتق مباحاً ومستحباً تحت ظروف معينة.

(ملاحظة: الإجابة الأكثر دقة بناءً على الفقه المالكي ستكون أن العتق ليس مكروهًا، ولكن لا يوجد إجماع بين الفقهاء على أنه ""مستحب"" كما ذكر في الخيار (ب).)
الثقة: 95%",True,19.63032031059265,
65,حكم الولاء:,"أ: الولاء محرم بإجماع العلماء
ب: الولاء للمسلم على المسلم واجب بإجماع العلماء
ج: الولاء مكروه عند الجمهور",ب,"ب: الولاء للمسلم على المسلم واجب بإجماع العلماء (في الفقه المالكي، كما هو الحال في المذاهب الأخرى) - لكن يجب التنويه أن هذا ليس بالإجماع الكامل بين جميع المدارس الفقهية. ولكن وفقاً للفقه المالكي، الولاء للمسلم على المسلم يعتبر واجباً.

لكن بناءً على المعلومات العامة المتاحة، يمكن القول: 
الإجابة الصحيحة ليست موجودة في الخيارات المذكورة. لكن إذا اضطررنا لاختيار واحد من هذه، فإن (ب) أقرب إلى الحقيقة ضمن السياق الفقهي المالكي، ولكن يجب أن نلاحظ أنه ليس بالإجماع الكامل بين جميع المدارس الفقهية.

ولكن بناءً على فهمك للسؤال، قد يكون الخيار الصحيح هو:
الإجابة: الولاء للمسلم على المسلم واجب بإجماع العلماء (في الفقه المالكي).",True,20.125895023345947,
66,حكم شهادة الزور:,"أ: شهادة الزور جائزة بإجماع العلماء
ب: شهادة الزور محرمة بإجماع المسلمين
ج: شهادة الزور مكروهة عند الجمهور",ب,ب: شهادة الزور محرمة بإجماع المسلمين,True,2.5431084632873535,
67,حكم القضاء في الإسلام:,"أ: القضاء محرم بإجماع العلماء
ب: القضاء واجب على الكفاية بإجماع العلماء
ج: القضاء مكروه عند الجمهور",ب,"ج: القضاء ليس مكروهاً، بل هو فرض عين أو كفاية حسب اختلاف الآراء بين الفقهاء، لكن الخيار الموجود لا يتماشى تماماً مع الواقع. ومع ذلك، بناءً على الخيارات المعطاة، فإن **لا** من هذه الخيارات صحيحة بشكل كامل كما ذكرها السؤال الأصلي. ولكن إذا اضطررنا للاختيار من بين ما هو موجود:

ب: القضاء واجب على الكفاية بإجماع العلماء (هذا أقرب إلى الحقيقة في الفقه المالكي، حيث يعتبر قضاء الصيام الواجب كفائي) لكن يجب التنويه أن الإجماع ليس مطلقاً. 

لكن للإجابة الأكثر دقة بناءً على السؤال الأصلي: **لا يوجد خيار صحيح تمامًا من بين الخيارات المعطاة.** القضاء في الإسلام يمكن أن يكون فرض عين أو كفاية، حسب نوع الصلاة أو الصوم الذي يتم قضائه. لا يُعتبر محرماً ولا مكروهاً بشكل عام.",True,18.731693506240845,
68,حكم المظالم:,"أ: المظالم جائزة بإجماع العلماء
ب: المظالم محرمة بإجماع المسلمين
ج: المظالم مكروهة عند الجمهور",ب,الإجابة الصحيحة هي ج: المظالم مكروهة عند الجمهور، بما في ذلك الفقهاء المالكيين. لكن يجب التنويه أن هذا الحكم ليس بالإجماع بين جميع المدارس الفقهية. بعض العلماء قد يعتبرونها حراماً بناءً على الأدلة الشرعية المختلفة. ولكن بشكل عام، يُعد الرأي الأكثر شيوعاً أنها مكروهة.,True,7.973153352737427,
69,حكم أخذ مال المسلم بغير حق:,"أ: أخذ مال المسلم جائز بإجماع العلماء
ب: أخذ مال المسلم محرم بإجماع المسلمين
ج: أخذ مال المسلم مكروه عند الجمهور",ب,ب: أخذ مال المسلم محرم بإجماع المسلمين,True,2.517659902572632,
70,حكم المهر في النكاح:,"أ: المهر مستحب فقط
ب: المهر واجب بإجماع العلماء
ج: المهر سنة مؤكدة",ب,ب: المهر واجب بإجماع العلماء,True,2.990980386734009,
71,حكم الصداق (الهبة من الرجل لزوجته):,"أ: الصداق محرم بإجماع العلماء
ب: الصداق جائز ومستحب بإجماع العلماء
ج: الصداق مكروه عند الجمهور",ب,ب: الصداق جائز ومستحب بإجماع العلماء (في المذهب المالكي)؛ لكن يُشار إلى أن بعض الفقهاء الآخرين قد يعتبرونه مستحباً وليس واجباً. ومع ذلك، بناءً على الفقه المالكي، الخيار الصحيح سيكون ب.,True,6.579122304916382,
72,حكم الإعسار في الدين:,"أ: يحبس المعسر
ب: ينظر المعسر بإجماع العلماء
ج: يباع ماله فوراً",ب,"ب: ينظر المعسر بإجماع العلماء.

(في الفقه المالكي، عند الإعسار في الدين، لا يحق حبس الدائن للمدين، بل يجب النظر إلى حالته المالية قبل اتخاذ أي إجراء آخر.)",True,5.398988962173462,
73,حكم الإفلاس:,"أ: يخفى أمره
ب: يعلن إفلاسه بإجماع العلماء
ج: يترك دون تدخل",ب,الإجابة: ب - يعلن إفلاسه بإجماع العلماء. لكن يجب التنويه أن هذا ليس بالإجماع الكامل بين جميع الفقهاء، ولكن وفقاً للمذهب المالكي، يُعتبر الإعلان عن الإفلاس أمراً ضرورياً. ومع ذلك، في الفقه الإسلامي بشكل عام، هناك اختلافات حول كيفية التعامل مع حالة الإفلاس.,True,7.442728757858276,
74,حكم التفليس:,"أ: التفليس محرم بإجماع العلماء
ب: التفليس جائز بإجماع العلماء
ج: التفليس مكروه عند الجمهور",ب,الإجابة الصحيحة هي ج: التفليس مكروه عند الجمهور، بما في ذلك المذهب المالكي. لكن يجب التنويه أن هذا الحكم ليس بالإجماع بين جميع الفقهاء؛ حيث يرى البعض الآخر أنه حرام. ولكن بناءً على الفقه المالكي، يُعتبر التفليس مكروهاً وليس محرماً أو جائزاً.,True,6.992284536361694,
75,حكم الكفالة:,"أ: الكفالة محرمة بإجماع العلماء
ب: الكفالة جائزة بإجماع العلماء
ج: الكفالة مكروهة عند الجمهور",ب,"ب: الكفالة جائزة بإجماع العلماء (في الفقه المالكي، كما في المذاهب الأخرى) ولكن يجب التنويه أن هذا الإجماع ليس عاماً بين جميع المدارس الفقهية. لكن وفقاً للفقه المالكي، فإن الكفالة تعتبر جائزة.

الإجابة الصحيحة: ب",True,7.107961416244507,
76,حكم الضمان:,"أ: الضمان محرم بإجماع العلماء
ب: الضمان جائز بإجماع العلماء
ج: الضمان مكروه عند الجمهور",ب,"ب: الضمان جائز بإجماع العلماء (في الفقه المالكي، كما في المذاهب الأخرى) ولكن يجب توضيح أن هذا يشير إلى الضمان الشرعي وليس كل أشكال الضمان. لكن بناءً على سياق السؤال الذي يبدو أنه يبحث عن حكم عام للضمان، الخيار ب هو الأكثر دقة من حيث الإجماع العام بين العلماء، بما في ذلك المالكيين. ومع ذلك، يجب أن نلاحظ أن بعض أنواع الضمان قد تكون مكروهة أو محرمة بناءً على الظروف المحددة. ولكن بشكل عام، الضمان جائز بإجماع العلماء.

الإجابة الصحيحة: ب",True,12.909985542297363,
77,حكم الإيلاء (اليمين على عدم قربان الزوجة):,"أ: الإيلاء محرم بإجماع العلماء
ب: الإيلاء جائز عند جمهور العلماء
ج: الإيلاء واجب في بعض الحالات",ب,الإجابة الصحيحة هي ب: الإيلاء جائز عند جمهور العلماء، لكنه ليس مستحباً أو واجباً. ومع ذلك، يجب التنويه أن هذا الحكم يعتمد على الظروف المحددة التي يتم فيها اليمين. في الفقه المالكي تحديداً، يُعتبر الإيلاء من الأمور الجائزة ولكنها ليست محبوبة (مكروهة).,True,8.191492795944214,
78,حكم الظهار:,"أ: الظهار جائز بإجماع العلماء
ب: الظهار محرم بإجماع العلماء
ج: الظهار مكروه عند الجمهور",ب,الإجابة الصحيحة هي ب: الظهار محرم بإجماع العلماء. وفقاً للفقه المالكي، كما في المذاهب الأخرى، يعتبر الظهار حراماً وليس جائزاً.,True,5.527252674102783,
79,حكم اللعان:,"أ: اللعان محرم بإجماع العلماء
ب: اللعان مشروع عند التهمة بالزنا
ج: اللعان مكروه عند الجمهور",ب,ب: اللعان مشروع عند التهمة بالزنا,True,2.3130781650543213,
80,حكم الخلع:,"أ: الخلع محرم بإجماع العلماء
ب: الخلع جائز بإجماع العلماء
ج: الخلع مكروه عند الجمهور",ب,ب: الخلع جائز بإجماع العلماء (في المذهب المالكي)؛ لكن يجب التنويه أن بعض المدارس الفقهية الأخرى قد تعتبر الأمر مختلفاً. ولكن بناءً على الفقه المالكي، الخيار الصحيح هو ب.,True,5.660471439361572,
81,حكم الطلاق:,"أ: الطلاق محرم في جميع الحالات
ب: الطلاق جائز بأسبابه وبشروطه بإجماع العلماء
ج: الطلاق واجب في جميع الحالات",ب,"ب: الطلاق جائز بأسبابه وبشروطه بإجماع العلماء. (لكن يجب التنويه، هذا الإجماع ليس من منظور كل المذاهب الفقهية، بل هو صحيح ضمن المذهب المالكي) ولكن بشكل عام، يمكن القول أن معظم المذاهب الفقهية تعتبر الطلاق جائزاً تحت ظروف معينة وليس محرماً أو واجباً. لكن في المذهب المالكي تحديداً، الإجابة ستكون ""ب"".",True,9.546136379241943,
82,حكم الرجعة بعد الطلاق:,"أ: الرجعة محرمة في جميع الحالات
ب: الرجعة جائزة في الطلاق الرجعي بإجماع العلماء
ج: الرجعة واجبة بإجماع العلماء",ب,ب: الرجعة جائزة في الطلاق الرجعي بإجماع العلماء,True,2.850632429122925,
83,حكم العدة بعد الطلاق:,"أ: العدة مستحبة فقط
ب: العدة واجبة بإجماع العلماء
ج: العدة سنة مؤكدة",ب,ب: العدة واجبة بإجماع العلماء,True,2.118931293487549,
84,حكم النفقة بعد الطلاق:,"أ: النفقة مستحبة فقط
ب: النفقة واجبة في العدة بإجماع العلماء
ج: النفقة سنة مؤكدة",ب,ب: النفقة واجبة في العدة بإجماع العلماء,True,2.1825549602508545,
85,حكم الحضانة بعد الطلاق:,"أ: الحضانة مستحبة فقط
ب: الحضانة واجبة بإجماع العلماء
ج: الحضانة سنة مؤكدة",ب,ب: الحضانة واجبة بإجماع العلماء، وفقاً للفقه المالكي.,True,2.853750705718994,
86,حكم الوصية للوارث:,"أ: الوصية للوارث جائزة بإجماع العلماء
ب: الوصية للوارث محرمة بإجماع العلماء إلا بإذن باقي الورثة
ج: الوصية للوارث مستحبة في جميع الحالات",ب,ب: الوصية للوارث محرمة بإجماع العلماء، إلا بإذن باقي الورثة.,True,3.5254359245300293,
87,حكم وجوب صلاة الوتر:,"أ: صلاة الوتر فرض عين
ب: صلاة الوتر سنة مؤكدة عند جمهور العلماء
ج: صلاة الوتر فرض كفاية",ب,ب: صلاة الوتر سنة مؤكدة عند جمهور العلماء,True,2.481951951980591,
88,حكم ذبح غير المسلم للحيوان المأكول:,"أ: ذبيحته حلال بإجماع العلماء
ب: ذبيحته حرام إلا ذبيحة أهل الكتاب بالشروط المعتبرة عند جمهور العلماء
ج: ذبيحته مكروهة عند الجمهور",ب,ب: ذبيحته حرام إلا ذبيحة أهل الكتاب بالشروط المعتبرة عند جمهور العلماء,True,3.353675127029419,
89,حكم من سب الله أو رسوله:,"أ: هو مسلم عاصي
ب: هو كافر مرتد بإجماع العلماء
ج: قد تاب توبة نصوح",ب,ب: هو كافر مرتد بإجماع العلماء,True,1.9708147048950195,
90,حكم اللعان بين الزوجين:,"أ: اللعان محرم بإجماع العلماء
ب: اللعان مشروع بإجماع العلماء عند التهمة بالزنا
ج: اللعان مكروه عند الجمهور",ب,ب: اللعان مشروع بإجماع العلماء عند التهمة بالزنا (في الفقه المالكي),True,3.525177478790283,
91,حكم المباهلة في الدين:,"أ: المباهلة محرمة بإجماع العلماء
ب: المباهلة جائزة بإجماع العلماء عند الحاجة
ج: المباهلة مكروهة عند الجمهور",ب,ب: المباهلة جائزة بإجماع العلماء عند الحاجة، لكن يجب التنويه أن هذا الإجماع ليس مطلقاً بين جميع الفقهاء. في الفقه المالكي تحديداً، يُعتبر حكم المباهلة كما ذكر الخيار (ب) ولكن مع بعض الشروط والقيود التي حددها علماؤهم.,True,6.904928684234619,
92,حكم الرضاع المحرم للنكاح:,"أ: الرضاع لا يؤثر على النكاح
ب: الرضاع يحرم النكاح بإجماع العلماء
ج: الرضاع يكره النكاح فقط",ب,ب: الرضاع يحرم النكاح بإجماع العلماء,True,2.766068696975708,
93,حكم الحضانة للأطفال:,"أ: الحضانة مستحبة فقط
ب: الحضانة واجبة بإجماع العلماء
ج: الحضانة سنة مؤكدة",ب,"ب: الحضانة واجبة بإجماع العلماء (في الفقه المالكي، كما في المذاهب الأخرى) ولكن يجب التنويه أن هذا الإجماع ليس موجوداً بشكل صريح بين جميع الفقهاء. لكن يمكن القول بناءً على النصوص الشرعية والأقوال الفقهية، الحضانة تعتبر واجبة في الفقه الإسلامي بما فيه الفقه المالكي. ومع ذلك، من الناحية الدقيقة للغاية، قد يفضل البعض وصفها بأنها ""واجب"" وليس ""إجماع"". لكن للإجابة مباشرة بناءً على الخيارات المعطاة، الاختيار الصحيح سيكون (ب). ولكن يجب أن يكون فهم القارئ واضحاً حول هذه النقطة الفقهية.",True,14.312424182891846,
94,حكم الدعاء على الظالم:,"أ: الدعاء على الظالم محرم بإجماع العلماء
ب: الدعاء على الظالم جائز بإجماع العلماء
ج: الدعاء على الظالم مكروه عند الجمهور",ب,ج: الدعاء على الظالم مكروه عند الجمهور، لكنه ليس محرماً بالإجماع. ومع ذلك، يُفضل عدم اللجوء إلى هذا النوع من الدعاء إلا إذا كان هناك ضرورة ملحة وحماية للمظلومين. ولكن يجب أن يكون الداعي حريصاً على ألا يزيد في دعائه عن حاجته أو ما يستحق الظالم.,True,7.8255720138549805,
95,حكم مصافحة الرجل للمرأة الأجنبية:,"أ: المصافحة جائزة بإجماع العلماء
ب: المصافحة محرمة بإجماع العلماء
ج: المصافحة مكروهة عند الجمهور",ب,ج: المصافحة مكروهة عند الجمهور، بما في ذلك المذهب المالكي. لكن يُذكر أن هذا الحكم قد يختلف بناءً على السياق والظروف، حيث يمكن اعتبارها حرامًا إذا أدت إلى فتنة أو شهوة. ولكن بشكل عام، حسب الفقه المالكي، تعتبر المصافحة مكروهة.,True,7.000389099121094,
96,حكم صلاة الكسوف والخسوف:,"أ: صلاة الكسوف فرض عين
ب: صلاة الكسوف سنة مؤكدة بإجماع العلماء
ج: صلاة الكسوف فرض كفاية",ب,"ب: صلاة الكسوف سنة مؤكدة بإجماع العلماء، ولكن يُشار إلى أن بعض الفقهاء المالكيين يرونها واجبة (فرض عين) عند وجود الخوف أو الرعب بين الناس. ومع ذلك، بشكل عام، تُعتبر صلاة الكسوف والخسوف سنّة مؤكدة في الفقه المالكي.

إذن، الخيار الصحيح هو ب: سنة مؤكدة بإجماع العلماء.",True,9.138540267944336,
97,حكم بيع العربون:,"أ: بيع العربون محرم بإجماع العلماء
ب: بيع العربون جائز عند جمهور العلماء
ج: بيع العربون مكروه عند الجمهور",ب,ب: بيع العربون جائز عند جمهور العلماء,True,2.188323497772217,
98,حكم إعارة السلاح في الفتنة:,"أ: إعارة السلاح جائزة بإجماع العلماء
ب: إعارة السلاح محرمة بإجماع العلماء
ج: إعارة السلاح مكروهة عند الجمهور",ب,"ج: إعارة السلاح مكروهة عند الجمهور، لكن لا يوجد إجماع بين العلماء حول هذا الأمر. ومع ذلك، في الفتنة تحديداً، يميل الفقه المالكي إلى اعتبارها محرمة بناءً على مبدأ ""الصلح يُحمل على ما هو أبعد من الخصومة"". ولكن يجب التنويه أن هذه النقطة ليست بالإجماع بين جميع المذاهب الإسلامية.

**لكن للإجابة بشكل أكثر دقة وفقاً للمعلومات المقدمة، الخيار الأقرب سيكون:** 
ج: إعارة السلاح مكروهة عند الجمهور. (مع العلم بأن الفقه المالكي قد يميل نحو التحريم في حالات الفتنة)",False,13.517784595489502,
99,حكم الوفاء بالكفارات:,"أ: الوفاء بالكفارات مستحب فقط
ب: الوفاء بالكفارات واجب بإجماع العلماء
ج: الوفاء بالكفارات سنة مؤكدة",ب,ب: الوفاء بالكفارات واجب بإجماع العلماء (في الفقه المالكي),True,3.022754430770874,
100,حكم الوفاء بالنذر المباح:,"أ: الوفاء بالنذر مستحب فقط
ب: الوفاء بالنذر واجب بإجماع العلماء
ج: الوفاء بالنذر سنة مؤكدة",ب,أ: الوفاء بالنذر مستحب فقط (في الفقه المالكي),True,2.4799726009368896,
101,خيار المجلس عند المالكية:,"أ: خيار المجلس ثابت للمتبايعين ما لم يتفرقا
ب: خيار المجلس لا يثبت، والعقد يلزم بالإيجاب والقبول",ب,"الإجابة الصحيحة هي أ: خيار المجلس ثابت للمتبايعين ما لم يتفرقا.

(أ)",False,3.3577041625976562,
102,بيع الغرر اليسير في المذهب المالكي:,"أ: بيع الغرر اليسير ممنوع كالغرر الكثير
ب: بيع الغرر اليسير معفو عنه ولا يؤثر في صحة العقد",ب,"ب: بيع الغرر اليسير معفو عنه ولا يؤثر في صحة العقد

(لكن يجب التنويه أن هذا الرأي ليس بالإجماع بين الفقهاء المالكيين، حيث يرى البعض الآخر أنه ممنوع كالغرر الكثير) ولكن بناءً على النص المقدم، الخيار الصحيح هو ب.",True,7.795760869979858,
103,من شروط صحة الحج:,"أ: الاستطاعة
ب: العقل
ج: الإسلام
د: جميع ما سبق",د,د: جميع ما سبق,False,1.4439260959625244,
104,يبدأ الإحرام للحج من:,"أ: المواقيت المكانية
ب: مكة المكرمة
ج: المدينة المنورة",أ,"الإجابة: أ 

(يبدأ الإحرام للحج من المواقيت المكانية)",False,2.8402411937713623,
105,من محظورات الإحرام:,"أ: لبس المخيط للرجال
ب: تغطية الرأس للرجال
ج: قص الأظافر
د: جميع ما سبق",د,د: جميع ما سبق,False,1.698106288909912,
106,الطواف حول الكعبة يكون:,"أ: في اتجاه عقارب الساعة
ب: عكس اتجاه عقارب الساعة
ج: في أي اتجاه",ب,الطواف حول الكعبة يكون **في اتجاه عقارب الساعة**. (أ),True,2.428903579711914,
107,عدد أشواط السعي بين الصفا والمروة:,"أ: سبعة أشواط
ب: ستة أشواط
ج: ثمانية أشواط",أ,الإجابة: أ: سبعة أشواط,True,1.6846075057983398,
108,الوقوف بعرفة يكون في اليوم:,"أ: الثامن من ذي الحجة
ب: التاسع من ذي الحجة
ج: العاشر من ذي الحجة",ب,ب: التاسع من ذي الحجة,True,2.0369739532470703,
109,رمي الجمرات يبدأ في:,"أ: يوم عرفة
ب: يوم النحر
ج: أيام التشريق",ب,ج: أيام التشريق,False,1.139383316040039,
110,طواف الإفاضة من:,"أ: واجبات الحج
ب: أركان الحج
ج: سنن الحج",ب,ب: أركان الحج,False,1.3073091506958008,
111,من أركان العمرة:,"أ: الطواف
ب: السعي
ج: الإحرام
د: جميع ما سبق",د,د: جميع ما سبق,False,1.457427740097046,
112,متى يجوز التمتع بالعمرة إلى الحج؟,"أ: في أشهر الحج
ب: في أي وقت من السنة
ج: في شهر رمضان فقط",أ,"الإجابة الصحيحة هي أ: في أشهر الحج.

وفقاً للفقه المالكي، يمكن للمسلم أن يمتع بالعمرة إلى الحج خلال أشهر الحج (شوال، ذو القعدة، وذو الحجة).",False,5.279658317565918,
113,من شروط طواف الإفاضة:,"أ: الطهارة
ب: ستر العورة
ج: جعل البيت عن يساره
د: جميع ما سبق",د,د: جميع ما سبق,False,1.671614408493042,
114,المبيت بمزدلفة ليلة النحر:,"أ: ركن من أركان الحج
ب: واجب من واجبات الحج
ج: سنة من سنن الحج",ب,ب: واجب من واجبات الحج,False,1.6532628536224365,
115,أنواع النسك في الحج:,"أ: التمتع
ب: القران
ج: الإفراد
د: جميع ما سبق",د,د: جميع ما سبق,False,1.276777982711792,
116,الهدي واجب على:,"أ: المتمتع والقارن
ب: المفرد
ج: جميع الحجاج",أ,"الإجابة: أ 

(الوجوب يقع على المتمتع والقارن) وفقاً للفقه المالكي.",False,3.1554746627807617,
117,من محظورات الإحرام للمرأة:,"أ: لبس النقاب
ب: لبس القفازين
ج: كلاهما
د: لا شيء مما سبق",ج,ج: كلاهما,True,1.3194804191589355,
118,حكم التحلل من الإحرام قبل إتمام النسك:,"أ: جائز مطلقاً
ب: جائز بشرط الاشتراط عند الإحرام
ج: غير جائز مطلقاً",ب,"ج: غير جائز مطلقاً، إلا في حالات معينة مثل المرض أو العجز. ولكن بناءً على القواعد الفقهية المالكيّة، الخيار الأكثر دقة سيكون ب: جائز بشرط الاشتراط عند الإحرام، لكن هذا الشرط لا يجعل التحلل مسموحا بشكل عام، بل فقط إذا تم ذكر ذلك في بداية الإحرام. ومع ذلك، وفقاً للمذهب المالكي، فإن أفضل خيار هنا قد يكون أن نذكر أنه غير جائز مطلقاً إلا في حالات معينة، ولكن بناءً على الخيارات المعطاة، سيكون الجواب الأقرب هو ب. لكن يجب التنويه إلى أن هذا يعتمد على الظروف المحددة التي يتم فيها التحلل من الإحرام.
الثقة: 90%",True,14.664266586303711,
119,طواف الوداع:,"أ: واجب على كل حاج
ب: واجب إلا على الحائض والنفساء
ج: سنة للجميع",ب,ج: سنة للجميع,False,1.307572364807129,
120,حكم تأخير طواف الإفاضة إلى ما بعد أيام التشريق:,"أ: جائز
ب: غير جائز",أ,"الإجابة: ب - غير جائز.

وفقاً للفقه المالكي، يُعتبر تأخير طواف الإفاضة إلى ما بعد أيام التشريق غير جائز. يجب أن يتم الطواف قبل مغادرة مكة المكرمة بعد الانتهاء من الحج.",False,5.555197715759277,
121,من أسباب وجوب دم الفدية:,"أ: فعل محظور من محظورات الإحرام
ب: ترك واجب من واجبات الحج
ج: كلاهما",ج,ج: كلاهما,True,1.5845041275024414,
122,العمرة في رمضان:,"أ: تعدل حجة
ب: تعدل حجتين
ج: لا تعدل شيئاً",أ,"ج: لا تعدل شيئاً.

(لكن يجب التنويه أن هذا الرأي ليس من المذهب المالكي بشكل خاص، بل هو رأي جمهور العلماء بما في ذلك الحنفية والشافعية والحنابلة. بينما يرى بعض الفقهاء المالكيين أنها تعادل حجة واحدة.) ولكن بناءً على القاعدة العامة، الجواب الأقرب سيكون الخيار ج: لا تعدل شيئاً من حيث التكافؤ الدقيق مع الحج، لكنها لها ثواب عظيم في رمضان كما ورد في الأحاديث النبوية.",False,11.246828317642212,
123,وقت صلاة الظهر حسب المذهب المالكي يبدأ من:,"أ: زوال الشمس
ب: بعد زوال الشمس بقليل
ج: عندما يصير ظل كل شيء مثله",أ,الإجابة الصحيحة هي ج: عندما يصير ظل كل شيء مثله. وفقاً للمذهب المالكي، يبدأ وقت صلاة الظهر عند الزوال الحقيقي للشمس، أي عندما يكون طول الظل مساوياً لطول الشيء نفسه.,True,5.4716386795043945,
124,وقت صلاة العصر حسب المذهب المالكي يبدأ من:,"أ: عندما يصير ظل كل شيء مثله
ب: عندما يصير ظل كل شيء مثليه
ج: بعد زوال الشمس مباشرة",أ,الإجابة الصحيحة هي أ: عندما يصير ظل كل شيء مثله. وفقاً للمذهب المالكي، يبدأ وقت صلاة العصر عند ارتفاع الشمس نصف درجة عن كبد السماء (أي ما يُعرف بزوالها)، ثم يستمر حتى تغرب الشمس. ومع ذلك، فإن بداية الوقت الفعلي لصلاة العصر حسب المذهب المالكي هي عندما يصير ظل كل شيء مثله.,False,8.05910611152649,
125,وقت صلاة المغرب حسب المذهب المالكي:,"أ: من غروب الشمس إلى مغيب الشفق الأحمر
ب: من غروب الشمس إلى مغيب الشفق الأبيض
ج: وقت قصير بعد غروب الشمس بقدر الوضوء وأداء ثلاث ركعات",ج,الإجابة الصحيحة هي أ: من غروب الشمس إلى مغيب الشفق الأحمر. وفقاً للمذهب المالكي، يبدأ وقت صلاة المغرب بغروب الشمس وينتهي بمغيب الشفق الأحمر.,False,5.101694583892822,
126,وقت صلاة العشاء حسب المذهب المالكي يبدأ من:,"أ: غروب الشمس
ب: مغيب الشفق الأحمر
ج: مغيب الشفق الأبيض",ب,ب: مغيب الشفق الأحمر,True,1.4195966720581055,
127,من نواقض الوضوء في المذهب المالكي:,"أ: خروج الريح من القبل
ب: خروج الريح من الدبر
ج: النوم الخفيف
د: لمس المرأة الأجنبية بدون شهوة",ب,ب: خروج الريح من الدبر,False,1.7803945541381836,
128,من شروط صحة صلاة الجمعة في المذهب المالكي:,"أ: الاستيطان
ب: الجماعة (12 رجلاً على الأقل)
ج: إقامتها في مسجد أو ما في حكمه
د: جميع ما سبق",د,د: جميع ما سبق,False,1.93422269821167,
129,ينتقض الوضوء في المذهب المالكي بـ:,"أ: لمس المرأة بشهوة ولو بغير قصد
ب: لمس المرأة مطلقاً
ج: مس الذكر بباطن الكف أو الأصابع
د: أ و ج",د,د: أ و ج,False,1.668133020401001,
130,الخطبة في صلاة الجمعة حسب المذهب المالكي:,"أ: شرط من شروط صحتها
ب: ركن من أركانها
ج: واجبة قبل الصلاة",أ,ج: واجبة قبل الصلاة,False,1.5941376686096191,
131,النوم الثقيل المستغرق في المذهب المالكي:,"أ: ينقض الوضوء مطلقاً
ب: ينقض الوضوء إذا كان مضطجعاً
ج: لا ينقض الوضوء مطلقاً",أ,ب: ينقض الوضوء إذا كان مضطجعاً,False,2.489637613296509,
132,وقت الضرورة لصلاة العصر حسب المذهب المالكي:,"أ: من اصفرار الشمس إلى الغروب
ب: ليس له وقت ضرورة في المشهور
ج: عند اشتداد المرض أو السفر",ب,"ب: ليس له وقت ضرورة في المشهور، لكن يُستحب تأخيرها عن وقتها الأصلي إذا كان هناك عذر مثل المرض الشديد أو السفر. ومع ذلك، لا يوجد ""وقت ضرورة"" محدد لصلاة العصر كما هو الحال مع الصلوات الأخرى عند وجود عذر شرعي حسب الفقه المالكي. ولكن يجب التنويه أن هذا ليس قاعدة ثابتة في جميع المدارس الفقهية الأخرى.

الإجابة الصحيحة من بين الخيارات المعطاة: ب",True,10.097958326339722,
133,أركان الإسلام عددها:,"أ: خمسة
ب: أربعة
ج: ستة",أ,أ: خمسة,True,1.0156917572021484,
134,أي من التالي ليس من أركان الإيمان:,"أ: الإيمان بالملائكة
ب: الإيمان بالكتب السماوية
ج: الحج لمن استطاع إليه سبيلا",ج,"ج: الحج لمن استطاع إليه سبيلا.

(حيث أن الحج، رغم كونه عبادة مهمة في الإسلام، إلا أنه ليس من أركان الإيمان الستة كما حددها أهل العلم.)",True,12.09659457206726,
135,الإحسان في الإسلام يعني:,"أ: أن تعبد الله كأنك تراه، فإن لم تكن تراه فإنه يراك
ب: الصدق في القول والعمل
ج: إتقان العمل فقط",أ,الإحسان في الإسلام يعني: أ: أن تعبد الله كأنك تراه، فإن لم تكن تراه فإنه يراك.,True,3.6238033771514893,
136,الفرق الأساسي بين الزكاة والصدقة أن:,"أ: الزكاة تطوعية والصدقة فريضة
ب: الزكاة فريضة والصدقة تطوعية
ج: كلاهما فريضة ولكن لفئات مختلفة",ب,ب: الزكاة فريضة والصدقة تطوعية,True,2.4887759685516357,
137,أجر صيام يوم عرفة للحاج:,"أ: يكفر السنة التي قبله والسنة التي بعده
ب: لا يُسن للحاج صيام يوم عرفة
ج: يكفر ذنوب عشر سنوات",ب,"الإجابة الصحيحة هي: أ.

السبب: وفقاً للمذهب المالكي، فإن صيام يوم عرفة للحاج يكفر السنة التي قبله والسنة التي بعده، ولكن هذا الرأي ليس شائعًا بين المذاهب الأخرى؛ حيث يرى جمهور العلماء أن صيام يوم عرفة يكفر ذنوب سنة واحدة فقط. ومع ذلك، بناءً على طلبك لتقديم الإجابة وفقاً للمذهب المالكي، الخيار (أ) هو الصحيح هنا.

(ملاحظة: يُشار إلى أن الرأي الأكثر شيوعًا بين المذاهب الأخرى هو أن صيام يوم عرفة يكفر ذنوب سنة واحدة فقط، وليس سنتين.)",True,13.085040807723999,
138,أجر صيام يوم عاشوراء:,"أ: يكفر السنة التي قبله والسنة التي بعده
ب: يكفر السنة التي قبله فقط
ج: يكفر ذنوب عشر سنوات",ب,"الإجابة الصحيحة هي: ب. لا يوجد دليل شرعي يدعم أن صيام يوم عاشوراء يكفر سنة كاملة، سواء كانت السنتين قبل وبعده أو واحدة منهما. ومع ذلك، فإن الحديث الشريف يقول إن صيام يوم عاشوراء يكفر السنة التي قبله (أي العام الذي سبقه)، ولكن هذا ليس كما ذكر في الخيارات المقدمة بشكل دقيق. لكن بناءً على الخيارات المعطاة، لا يوجد خيار صحيح تمامًا من الناحية الشرعية وفق الفقه المالكي. ومع ذلك، إذا اضطررنا لاختيار واحد، فإن أقربها إلى الواقع سيكون ب، ولكنه غير دقيق أيضًا.

**ملاحظة:** يُشار إلى أن صيام يوم عاشوراء له فضل كبير في الإسلام، حيث روى مسلم عن أبي قتادة رضي الله عنه أن النبي صلى الله عليه وسلم قال: ""أحتسب على الله أن يكفر السنة التي قبله"". ومع ذلك، هذا لا يعني أنه يكفر سنة كاملة كما ذكر في الخيارات.

**الإجابة الصحيحة بناءً على المعلومات المتاحة:** 
لا يوجد خيار صحيح تمامًا من بين الخيارات المعطاة. ولكن إذا اضطررنا للاختيار، فإن أقربها إلى الواقع سيكون ب، ولكنه غير دقيق أيضًا. **ولكن يجب أن نلاحظ أن هذا لا يعكس الحقيقة الدينية بشكل كامل.**

**الإجابة الصحيحة بناءً على فهم الفقه المالكي:** 
لا يوجد دليل شرعي يدعم أي من الخيارات المعطاة. ومع ذلك، وفقًا للحديث الشريف، فإن صيام يوم عاشوراء يكفر السنة التي قبله (أي العام الذي سبقه)، ولكن هذا لا يعني أنه يكفر سنة كاملة كما ذكر في الخيارات.

**الإجابة الصحيحة بناءً على فهم الإسلام بشكل عام:** 
لا يوجد دليل شرعي يدعم أن صيام يوم عاشوراء يكفر ذنوب عشر سنوات، أو السنة التي قبله والسنة التي بعده، أو حتى السنة التي قبله فقط كما ذكر في الخيارات. ومع ذلك، فإن الحديث الشريف يقول إن صيام يوم عاشوراء يكفر السنة التي قبله (أي العام الذي سبقه)، ولكن هذا لا يعني أنه يكفر سنة كاملة كما ذكر في الخيارات.

**الإجابة الصحيحة بناءً على فهم الفقه المالكي بشكل دقيق:** 
لا يوجد دليل شرعي يدعم أي من الخيارات المع",True,43.74035167694092,
139,ليلة القدر هي:,"أ: ليلة من العشر الأواخر من رمضان
ب: الليلة الأولى من رمضان
ج: ليلة النصف من شعبان",أ,أ: ليلة من العشر الأواخر من رمضان,True,1.9343068599700928,
140,القهقهة (الضحك بصوت) في الصلاة حسب المذهب المالكي:,"أ: القهقهة تبطل الصلاة ولا تنقض الوضوء
ب: القهقهة تبطل الصلاة وتنقض الوضوء
ج: القهقهة لا تبطل الصلاة ولا تنقض الوضوء",أ,ج: القهقهة لا تبطل الصلاة ولا تنقض الوضوء، لكن يُستحب لها أن تحرص على عدم حدوثها أثناء الصلاة. ومع ذلك، فإن المذهب المالكي يرى أنها ليست سبباً في بطلان الصلاة أو نقض الوضوء.,False,6.72453761100769,
