question_id,question,correct_answer,model_answer,is_correct,response_time,error_message
1,حكم الطهارة لمن أراد أداء الصلاة:,أ,"I'm happy to help!

According to Maliki fiqh, the correct answer is:

ب: مستحبة عند جمهور العلماء

In Maliki school of thought, the ruling on ablution (wudu) for prayer is considered mustahabb (recommended) by the majority of scholars.",False,7.301957845687866,
2,ما هو حكم الوضوء بفضل وضوء مسلم آخر:,ب,"كما خبير في الفقه المالكي، أجب عن السؤال مباشرة.

الإجابة: ب: جائز بإجماع العلماء

في الفقه المالكي، يعتبر الوضوء بفضل وضوء مسلم آخر جائزاً (مباح) لعدم وجود نص صريح في الكتاب والسنن يمنع ذلك.",True,5.987815856933594,
3,حكم وضوء الرجل والمرأة معاً في إناء واحد:,ج,"كما خبير في الفقه المالكي، أجيب عن السؤال مباشرة.

الإجابة: أ: محرم بإجماع العلماء

في الفقه المالكي، يعتبر وضوء الرجل والمرأة معاً في إناء واحد محرماً من الناحية الشرعية، حيث أن هذا النوع من الوضوء لا يتوافق مع الشروط التي شرطها الإسلام لصحة الوضوء.",False,6.89258337020874,
4,حكم ماء البحر للوضوء:,أ,"كما خبير في الفقه المالكي، أجيب عن السؤال مباشرة.

الإجابة: أ: طهور

في الفقه المالكي، يعتبر ماء البحر طهوراً صالحاً للاستخدام في الوضوء، كما هو اتفاق العلماء.",True,5.1288018226623535,
5,حكم الوضوء بالمائعات غير الماء:,ب,"كما خبير في الفقه المالكي، أجيب عن السؤال مباشرة.

الإجابة: ب: لا يجوز بإجماع العلماء (عدا النبيذ محل خلاف)

في الفقه المالكي، يعتبر الوضوء بالمائعات غير الماء كغير جائز، باستثناء النبيذ الذي يعتبر ماءً صالحًا للوضوء.",True,6.483766555786133,
6,حكم الاستنجاء بالماء:,ب,"كما خبير في الفقه المالكي، أجيب عن السؤال مباشرة.

الإجابة: أ: واجب بإجماع العلماء

في الفقه المالكي، الاستنجاء بالماء هو فعل واجب، أي أن كل مسلم يجب عليه أن يستنق بالماء بعد التبول أو الوقوع في الحدث. هذا هو الإجماع بين العلماء في المذهب المالكي.",True,6.36916446685791,
7,حكم الاستجمار بالأحجار:,ب,"كما خبير في الفقه المالكي، أجيب عن السؤال مباشرة.

الإجابة: أ: محرم بإجماع العلماء

في الفقه المالكي، الاستجمار بالأحجار (أي التماس البركة أو النصيحة من خلال وضع الأحجار على الجسد) محرم بإجماع العلماء. فالمالكية ترفض هذه الممارسة لأنها لا ترى فيها أي دليل شرعي في الكتاب والسنن، ولا يرى فيها أي فائدة دينية حقيقية.",True,8.058346033096313,
8,حكم الجمع بين الاستجمار والاستنجاء بالماء:,ب,"كما خبير في الفقه المالكي، أجيب عن السؤال مباشرة.

الإجابة: ب: جائز ومجمع عليه

في الفقه المالكي، يعتبر الجمع بين الاستجمار والاستنجاء بالماء جائزاً ومجمع عليه، أي أن هذا النوع من الجمع لا يعد محرماً ولا مكروهاً عند العلماء والمجتمع.",True,6.238039016723633,
9,حكم الاستجمار بغير الحجارة:,ب,"كما خبير في الفقه المالكي، أجيب عن السؤال مباشرة.

الإجابة: ب: جائز بالطاهر المنقي ما لم يكن طعاماً

في الفقه المالكي، الاستجمار (أي التماسك) بغير الحجارة جائز إذا كان الطاهر المنقي (الماء النظيف) ولا يكون طعاماً. أما إذا كان طعاماً أو لا يكون طهماً منقيًا، فيكون محرماً.",True,7.674079179763794,
10,حكم الاستجمار مع وجود الماء:,ب,"كما خبير في الفقه المالكي، أجيب عن السؤال مباشرة.

الإجابة: أ: محرم مع وجود الماء

ففي الفقه المالكي، الاستجمار (أي التمتع بالجنس) محرم عندما يكون هناك ماء، لأن هذا يعد من أنواع النكاح والزواج، والذي هو محرم في الإسلام إلا بالشروط الشرعية.",False,6.3035194873809814,
11,حكم الاستنجاء باليد اليمنى:,ب,"كما خبير في الفقه المالكي، أجب عن السؤال مباشرة.

الإجابة: ب: منهي عنه بإجماع العلماء

في الفقه المالكي، الاستنجاء باليد اليمنى من الناحية الشرعية منتهى عنه، لأن النبي محمد صلى الله عليه وسلم استنجأ باليد اليسرى، فكانت هذه السنة النبوية ملازمة لما جاء في القرآن الكريم: ""وَإِنْ كُنْتُمْ أَوْ رَكْبٌ فَلَا تَقُولُوا أَجْنِيبَةً وَلَكِنْ قُولُوا تَشْهَدُونَ"" [النور: 36].",False,10.532451868057251,
12,حكم السواك عند الصلاة:,ب,"كما خبير في الفقه المالكي، أجيب عن السؤال مباشرة.

الإجابة: ب: مستحب ومشروع بإجماع العلماء

في الفقه المالكي، السواك (أي تنظيف الأسنان) قبل الصلاة مستحب ومشروع، ولا يوجد إجماع العلماء على وجوبه.",True,5.582045555114746,
13,حكم الختان للرجال:,ب,"كما خبير في الفقه المالكي، أجيب عن السؤال مباشرة.

الإجابة: ب: من سنن الإسلام ومشروع بإجماع العلماء

في الفقه المالكي، الختان للرجال هو من سنن الإسلام، أي أنها سنة نبوية، ولا يوجد إجماع العلماء على وجوبها، ولكنها مشروعة فيما إذا كان هناك فائدة منها، مثل تطهير الجسم أو تحسين الصحة.",True,7.465095520019531,
14,حكم التثليث في الوضوء:,ب,"كما خبير في الفقه المالكي، أجيب عن السؤال مباشرة.

الإجابة: أ: واجب بإجماع العلماء

في الفقه المالكي، التثليث في الوضوء هو واجب، أي أن الشخص يجب أن يكرر ثلاث مرات قوله ""أشهد أن لا إله إلا الله وأشهد أن محمدا رسول الله"" بعد كل وضوء. هذا هو الإجماع بين العلماء المالكية.",True,7.2526161670684814,
15,ما هو حكم استقبال القبلة في الصلاة:,ب,"ب: واجب بإجماع العلماء

(According to Maliki fiqh, the correct answer is that facing the qiblah (direction of the Kaaba) in prayer is obligatory, and it is agreed upon by all scholars.)",True,4.051061391830444,
16,حكم الطهارة للصلاة:,ب,"ب: واجبة بإجماع المسلمين

(According to Maliki fiqh, the ruling on ablution for prayer is that it is obligatory, and this is agreed upon by all Muslims.)",True,3.5066328048706055,
17,حكم قراءة الفاتحة في الصلاة:,ب,"ب: واجبة بإجماع العلماء

(According to Maliki fiqh, reading the Fatiha (Qur'an 1) in prayer is considered obligatory by consensus of scholars.)",True,3.5168561935424805,
18,حكم الزكاة في الإسلام:,ب,"ب: واجبة بإجماع المسلمين

(According to Maliki fiqh, zakat is considered a mandatory obligation (wajib) and not just recommended or sunnah. This is based on the consensus of Muslim scholars across different schools of thought.)",True,4.410629510879517,
19,حكم التيمم عند عدم وجود الماء:,ب,"كما خبير في الفقه المالكي، أجيب عن السؤال مباشرة.

الإجابة: ب: جائز بإجماع العلماء

في الفقه المالكي، التيمم (غسل اليدين والرجلين بالتراب أو غيره) عند عدم وجود الماء هو جائز، ولهذا الإجماع بين العلماء.",True,5.859503269195557,
20,حكم المسح على الخفين:,ب,"كما خبير في الفقه المالكي، أجيب عن السؤال مباشرة.

الإجابة: أ (محرم بإجماع العلماء)

في الفقه المالكي، المسح على الخفين محرم، أي غير مشروع، ولهذا لا يُسمح به في الإسلام.",False,5.325169324874878,
21,حكم الصلاة على الميت:,ب,"كما خبير في الفقه المالكي، أجيب عن السؤال مباشرة.

الإجابة: ب: فرض كفaya بإجماع العلماء

في الفقه المالكي، الصلاة على الميت هي فرض كفاية، أي أنها واجبة إلا إذا كان هناك عذر يمنع من القضاء عليها. ولهذا، فإن جميع العلماء متفقون على وجوب الصلاة على الميت، ولا يوجد خلاف في هذا الشأن.",True,7.408920049667358,
22,حكم سجود السهو:,ب,"ب: واجب عند جمهور العلماء

According to Maliki fiqh, Sujud Sahw (prostration of forgetfulness) is considered Wajib (obligatory) by the majority of scholars. This means that if a person forgets to perform a prostration during their prayer and remembers it later, they must make up for it by performing an additional prostration.",True,8.406001567840576,
23,حكم صلاة الجمعة على الرجال:,ب,"ب: فرض عين بإجماع العلماء

(As a Maliki expert, I can confidently say that the correct answer is option B: فرض عين بإجماع العلماء. According to Maliki fiqh, Friday prayer for men is considered an obligatory act (fridh) based on the consensus of scholars.)",True,5.163741827011108,
24,حكم صلاة العيدين:,ب,"ب: سنة مؤكدة عند جمهور العلماء

(According to Maliki fiqh, Eid prayers are considered a Sunnah Muakkada, which is a confirmed and emphasized Sunnah among the majority of scholars.)",True,3.5824525356292725,
25,حكم العمرة في العمر:,ب,"كما خبير في الفقه المالكي، أجيب عن السؤال مباشرة.

الإجابة: أ: سنة مؤكدة

في الفقه المالكي، العمرة في العمر هي سنة مؤكدة، أي أنها واجبة في كل عام إذا كان الشخص قادراً عليها. ولا يوجد إجماع العلماء على وجوبها مرة واحدة فقط، بل هي سنة مستحبة في كل عام.",False,6.8690643310546875,
26,حكم صلاة التراويح:,ب,"ب: سنة مؤكدة بإجماع العلماء

(According to Maliki fiqh, Tarawih prayer is considered a Sunnah Muakkada, which means it is a confirmed and agreed-upon practice among the scholars.)",True,4.306095361709595,
27,حكم البيع بشرط الخيار:,ب,"كما خبير في الفقه المالكي، أجيب عن السؤال مباشرة.

الإجابة: أ (محرم بإجماع العلماء)

في الفقه المالكي، البيع بشرط الخيار محرم، لأن شرط الخيار يعد من شروط النية والقصد، ولا يجوز أن تتم الصرف على القصد دون أن يتم البيع بالشكل القانوني.",False,7.132737398147583,
28,حكم بيع الذهب بالذهب متفاضلاً (مع زيادة):,ب,"كما خبير في الفقه المالكي، أجيب عن السؤال مباشرة.

الإجابة: أ: جائز بإجماع العلماء

في الفقه المالكي، بيع الذهب بالذهب متفاضلاً (مع زيادة) جائز، ولهذا الإجماع من العلماء.",True,6.074145078659058,
29,حكم بيع الفضة بالفضة متفاضلاً:,ب,"ب: محرم بإجماع العلماء

(According to Maliki fiqh, the sale of silver for silver is considered haram by consensus among scholars.)",True,3.152240753173828,
30,حكم بيع الطعام بالطعام متفاضلاً:,ب,"ب: محرم بإجماع العلماء

(According to Maliki fiqh, it is considered haram or forbidden to trade food for food in a way that is not equal and just. This is based on the hadith of the Prophet Muhammad (peace be upon him) who said ""Do not sell food for food unless it is equal."" - Sahih Muslim)",True,5.87011981010437,
31,حكم بيع العربون:,ب,"كما خبير في الفقه المالكي، أجيب عن السؤال مباشرة.

الإجابة: ب: جائز عند جمهور العلماء

في الفقه المالكي، يعتبر بيع العربون (البيع بالشروط) جائزاً عند جمهور العلماء، بشرط أن لا يخالف الشروط شرطاً من شروط الله تعالى.",True,6.377991199493408,
32,حكم الشفعة في العقار:,ب,"ب: ثابتة بإجماع العلماء

(According to Maliki fiqh, the rule of ""shfia"" or pre-emption in real estate is considered a well-established and widely accepted principle among scholars, hence it is considered ""thabita"" or firmly established.)",True,4.761019468307495,
33,حكم الوقف في الإسلام:,ب,"كما خبير في الفقه المالكي، أجب عن السؤال مباشرة.

الإجابة: ب: جائز ومستحب بإجماع العلماء

في الفقه المالكي، يعتبر الوقف (تخصيص ملكية أو مال لخدمة دينية أو اجتماعية) جائزاً ومستحباً من قبل العلماء. ويتمتع الوقف بالشأن والقبول في الإسلام، ولا يوجد إجماع العلماء على أن الوقف محرم أو مكروه.",True,8.569645643234253,
34,حكم الهبة:,ب,"كما خبير في الفقه المالكي، أجيب عن السؤال مباشرة.

الإجابة: أ: محرمة بإجماع العلماء

في الفقه المالكي، الهبة (تبرع) محرمة، أي غير مشروكة، لأنها تتعارض مع مبدأ التكليف والمنفعة في الناحية المالية. فالمالكية ترى أن كل مال يملكه الإنسان هو من الله تعالى، فلا يجوز أن يهبه أو يبيع دون رضاه.",False,8.750003576278687,
35,حكم العارية:,ب,"كما خبير في الفقه المالكي، أجب عن السؤال مباشرة.

الإجابة: أ: محرمة بإجماع العلماء

في الفقه المالكي، العارية (أي التخلي عن ملكية شيء دون مقابل) محرمة من قبل العلماء الإجماع.",False,5.5483176708221436,
36,حكم إعارة السلاح في الفتنة:,ب,"كما خبير في الفقه المالكي، أجيب عن السؤال مباشرة.

الإجابة: ب: محرمة بإجماع العلماء

في الفقه المالكي، إعارة السلاح في الفتنة محرمة، لأنها تتعارض مع مبدأ السلامة والسلام في المجتمع.",False,5.890994071960449,
37,حكم الوديعة (حفظ المال):,ب,"كما خبير في الفقه المالكي، أجيب عن السؤال مباشرة.

الإجابة: أ (محرمة بإجماع العلماء)

في الفقه المالكي، الوديعة (حفظ المال) محرمة بإجماع العلماء، أي أن جميع العلماء يتفقون على أن هذا النوع من الحفظ غير مقبول شرعاً.",False,6.840406894683838,
38,حكم الوكالة:,ب,"I'm happy to help!

According to Maliki fiqh, the correct answer is:

ب: جائزة بإجماع العلماء

In Maliki school of thought, agency (wakala) is considered a permissible and recommended act, as long as it's done with good intentions and doesn't involve any harm or injustice.",True,5.354612827301025,
39,حكم المضاربة (شركة بين مال وعمل):,ب,"كما خبير في الفقه المالكي، أجيب عن السؤال مباشرة.

الإجابة: أ: محرمة بإجماع العلماء

في الفقه المالكي، المضاربة (شركة بين مال وعمل) محرمة، أي غير مشروكة، لأنها تتعارض مع قاعدة ""لا يُكْرَه مَالٌ لِغَيْرِه"" (ليس لأحد أن يكره مال الغير)، والتي تعني أن لا یکرهم أحد فيما بينه وبين الغير.",False,9.041316032409668,
40,حكم المساقاة (شركة بين شجر وعمل):,ب,"كما خبير في الفقه المالكي، أجب عن السؤال مباشرة.

الإجابة: أ: محرمة بإجماع العلماء

في الفقه المالكي، المساقاة (شركة بين شجر وعمل) محرمة بإجماع العلماء، لأنها تتعارض مع قاعدة ""لا يُكْرَه مَالٌ لِمَالٍ"" (ليس للمال أن يكره مالا)، التي تحرم التبادل أو الشركة بين المال والعمل.",False,8.231976509094238,
41,حكم المزارعة (شركة بين أرض وعمل):,ب,"كما خبير في الفقه المالكي، أجيب عن السؤال مباشرة.

الإجابة: أ: محرمة بإجماع العلماء

في الفقه المالكي، يعتبر المزارعة (شركة بين أرض وعمل) محرماً من قبل العلماء الإجماع.",False,5.93339729309082,
42,حكم الصلح بين الخصوم:,ب,"كما خبير في الفقه المالكي، أجيب عن السؤال مباشرة.

الإجابة: ب: جائز ومستحب بإجماع العلماء

في الفقه المالكي، الصلح بين الخصوم هو جائز ومستحب، أي أنّه يجوز للاخصمين أن يصلحا بينهم دون حاجة إلى إذن من أحد، وإنما يجب أن يكون الصلح متّحداً مع القوّة والعدل.",True,7.812936305999756,
43,حكم الإبراء من الدين:,ب,"كما خبير في الفقه المالكي، أجيب عن السؤال مباشرة.

الإجابة: أ: محرم بإجماع العلماء

في الفقه المالكي، الإبراء من الدين (أي التخلي عن الدين) محرم بإجماع العلماء، أي أن جميع العلماء المالكية يتفقون على حرمة هذا العمل.",False,6.356273174285889,
44,حكم إجارة العين لمالكها:,ب,"كما خبير في الفقه المالكي، أجيب عن السؤال مباشرة.

الإجابة: أ: محرمة بإجماع العلماء

في الفقه المالكي، إجارة العين لمالكها محرمة، لأنها تتعارض مع مبدأ حكم الملكية والمنع من بيع ما لا يملك.",False,6.109628677368164,
45,حكم الإجارة على الأعمال المحرمة:,ب,"ب: باطلة ومحرمة بإجماع العلماء

(According to Maliki fiqh, renting out something that is prohibited or haram is considered invalid and forbidden by consensus among scholars.)",True,3.812678575515747,
46,حكم إجارة الرجل لامرأة أجنبية للإرضاع:,ب,"كما خبير في الفقه المالكي، أجيب عن السؤال مباشرة.

الإجابة: أ: محرمة بإجماع العلماء

في الفقه المالكي، الإرضاع من امرأة أجنبية محرم، لأنها تتعارض مع قاعدة ""لا تكن لغير زوجك"" (لا تكن لغير زوجك) التي هي من القواعد الأساسية في الإسلام.",False,6.944683313369751,
47,حكم الجعالة (جعل أجرة على عمل مجهول):,ب,"كما خبير في الفقه المالكي، أجب عن السؤال مباشرة.

الإجابة: أ (محرمة بإجماع العلماء)

في الفقه المالكي، الجعالة محرمة لأنها تتعارض مع原則ي الفقيهين والشريعة الإسلامية، والتي تؤكد على أن الأجر يجب أن يكون معلوماً وواضحاً.",True,7.118141412734985,
48,حكم السبق (الجائزة) في المسابقات:,ب,"كما خبير في الفقه المالكي، أجيب عن السؤال مباشرة.

الإجابة: ب: جائز في الخيل والإبل والسهام بإجماع العلماء

في الفقه المالكي، يعتبر سبق الجائزة (أو ما يسمى بالسبق) جائزاً في ثلاثة أنواع فقط:

1. الخيل: وهو ما يسمى بالسبق في الخيل، حيث يُجاز في منافسة الخيل.
2. الإبل: ويُجاز أيضاً في منافسة الإبل.
3. السهام: ويُجاز في منافسة السهام.

وأما بالنسبة إلى غير هذه الأنواع، فلا يجوز سبق الجائزة فيها، سواء كانت منافسة أو غير منافسة.",True,13.176704168319702,
49,حكم الرهن:,ب,"كما خبير في الفقه المالكي، أجيب عن السؤال مباشرة.

الإجابة: أ: محرم بإجماع العلماء

في الفقه المالكي، الرهن (المعروف أيضاً بالتملك) محرم من قبل العلماء الإجماعاً، أي أن جميع العلماء يتفقون على حرمته.",False,6.559290647506714,
50,حكم الكفالة والضمان:,ب,"كما خبير في الفقه المالكي، أجيب عن السؤال مباشرة.

الإجابة: أ: محرمان بإجماع العلماء

في الفقه المالكي، الكفالة والضمان محرمتان بإجماع العلماء، أي أن جميع العلماء يتفقون على حرمة كلاً من هذين النوعين.",False,6.3502092361450195,
51,حكم الحوالة:,ب,"كما خبير في الفقه المالكي، أجب عن السؤال مباشرة:

الإجابة: ب: الحوالة جائزة بإجماع العلماء

في الفقه المالكي، يعتبر الحوالة (transfer of ownership) من الأمور الجائزة والقانونية، حيث يمكن أن ينتقل ملكيةthing من شخص إلى آخر، بشرط أن يتم ذلك وفقاً لشروط معينة مثل رضا المالك الأصلي وغيرها.",True,7.8588244915008545,
52,حكم الأيمان:,ب,"كما خبير في الفقه المالكي، أجيب عن السؤال مباشرة.

الإجابة: ب: الأيمان جائزة بالله وصفاته

في الفقه المالكي، يعتبر الأيمان (التعهد أو الوعود) جائزة بالله وصفاته، أي أن الله تعالى يأمرنا بالتزام العهود والعهود، ولا يمنعنا من ذلك. هذا هو خيار الصحيح في السؤال.",True,7.939113140106201,
53,حكم الصيد بالكلب المعلم:,ب,"ب: الصيد بالكلب المعلم جائز بإجماع العلماء

(According to Maliki fiqh, the use of a trained dog for hunting is permissible and considered a valid means of obtaining food.)",True,4.200035572052002,
54,حكم الذبائح:,ب,"كما خبير في الفقه المالكي، أجيب عن السؤال مباشرة.

الإجابة: ب: الذبائح حلال بإجماع المسلمين ما لم تذبح لغير الله

في الفقه المالكي، يعتبر الذبائح (أي الأضاحي) حلالاً إذا قام بها شخص لله سبحانه وتعالى، أما إذا قامت لغير الله فلا. هذا هو المذهب المالكي في حكم الذبائح.",True,8.72960638999939,
55,حكم الصيد بالجوارح (غير الكلب):,ب,"كما خبير في الفقه المالكي، أجيب:

الخيار الصحيح: أ: الصيد بالجوارح (غير الكلب) محرم بإجماع العلماء

في الفقه المالكي، يعتبر الصيد بالجوارح غير الكلب من الأمور المحرمة، لأنها تسبب في إصابة الحيوانات وتعريضها للخطر.",True,7.298685073852539,
56,حكم الأضحية:,ب,"ب: الأضحية سنة مؤكدة عند جمهور العلماء

(As a Maliki expert, I can confidently say that the correct answer is option B. In Maliki school of thought, animal sacrifice (Udhiyah) is considered a Sunnah Muakkada, which means it's a confirmed and recommended practice among the majority of scholars.)",True,5.791242837905884,
57,حكم العقيقة عن المولود:,ب,"I'm happy to help!

According to Maliki fiqh, the correct answer is:

ب: العقيقة سنة مؤكدة بإجماع العلماء

In other words, the ruling on 'aqiqah (the celebration of a newborn's first haircut) is considered a confirmed sunnah (praiseworthy tradition) by consensus among scholars.",True,5.641069412231445,
58,حكم الجهاد في سبيل الله:,ب,"كما خبير في الفقه المالكي، أجيب عن السؤال مباشرة.

الإجابة: أ: الجهاد فرض عين على كل مسلم

في الفقه المالكي، يعتبر الجهاد فرض عين على كل مسلم، أي أن كل مسلم مكلف بالجهاد في سبيل الله إذا كان هناك ضرورة لذلك. هذا هو ما جاء في كتاب ""الهداية"" لابن حزم الأندلسي، أحد أهم مراجع الفقه المالكي.",True,8.472254276275635,
59,حكم قتال المرتد:,ب,"كما خبير في الفقه المالكي، أجب عن السؤال مباشرة:

الإجابة: ب: قتال المرتد واجب بإجماع العلماء

في الفقه المالكي، يعتبر القتال ضد المرتدين (أي الذين خانوا العهد والعهود) واجباً شرعياً، ولهذا لا يوجد إجماع العلماء على أن القتال ضد المرتدين محرم أو مكروه.",True,7.815141439437866,
60,حكم قتال البغاة:,ب,"كما خبير في الفقه المالكي، أجب عن السؤال مباشرة:

الإجابة: أ: قتال البغاة محرم بإجماع العلماء

(مصدر: كتاب ""الفتاوى"" لابن حزم الأندلسي)",True,5.2449846267700195,
61,حكم قتال أهل الذمة:,ب,"كما خبير في الفقه المالكي، أجيب:

الإجابة: ب: قتال أهل الذمة محرم بإجماع العلماء ما لم ينقضوا العهد

في الفقه المالكي، يعتبر قتال أهل الذمة (أي غير المسلمين) محرماً في حالة عدم نَقْضهم العهد (أي عدم خروجهم على عهود السلام والتعاون مع المسلمين). هذا هو المذهب المالكي في حكم قتال أهل الذمة.",True,9.513808488845825,
62,حكم الجزية:,ب,"كما خبير في الفقه المالكي، أجيب عن السؤال مباشرة.

الإجابة: ب: الجزية واجبة على أهل الكتاب بإجماع العلماء

في الفقه المالكي، الجزية هي واجبة على أهل الكتاب (اليهود وال христиان) طبقاً لما ثبت في كتب الفقهاء المالكية مثل كتاب ""الموافقة"" لابن حزم الأندلسي.",True,7.262670278549194,
63,حكم الرق (العبودية):,ب,"كما خبير في الفقه المالكي، أجب عن السؤال مباشرة:

الإجابة: ب: الرق مشروع في بعض الحالات وبشروط بإجماع العلماء

في الفقه المالكي، يعتبر الرق (العبودية) مكروهاً في الأصل، ولكن هناك حالات معينة حيث يمكن أن يكون الرق مشروعاً، مثل إذا كان العبد مأخوذاً في الحرب أو تم الاستيلاء عليه من قبل الدولة. ولكن يجب أن يتم ذلك وفقاً لشروط معينة وبتحفظ حقوقه الإنسانية.",True,9.856446981430054,
64,حكم العتق:,ب,"كما خبير في الفقه المالكي، أجب عن السؤال مباشرة:

الإجابة: أ: العتq محرم بإجماع العلماء

في الفقه المالكي، يعتبر العتq (الخلاص من الدين أو القرض) محرماً شرعاً، ولهذا لا يجوز لشخص أن يعتق نفسه من ديونه أو قرضه، سواء كان ذلك بسبب قصر النية أو غيرها.",True,7.8594934940338135,
65,حكم الولاء:,ب,"كما خبير في الفقه المالكي، أجيب عن السؤال مباشرة.

الإجابة: ب: الولاء للمسلم على المسلم واجب بإجماع العلماء

في الفقه المالكي، يعتبر الولاء (أي الالتزام بالعهد والوعد) واجباً بين المسلمين، كما هو متفق عليه من قبل العلماء.",True,6.684447765350342,
66,حكم شهادة الزور:,ب,"كما خبير في الفقه المالكي، أجب عن السؤال مباشرة:

الإجابة: ب: شهادة الزور محرمة بإجماع المسلمين

في الفقه المالكي، يعتبر شهادة الزور (شهادة غير الصحيحة) محرماً من قبل الله تعالى، كما هو مذكور في القرآن الكريم (سورة النساء، الآية 135).",True,7.197465896606445,
67,حكم القضاء في الإسلام:,ب,"كما خبير في الفقه المالكي، أجب عن السؤال مباشرة.

الإجابة: ب: القضاء واجب على الكفاية بإجماع العلماء

في الفقه المالكي، القضاء هو واجب على الكفاية، أي أن القاضي يجب أن يلزم بالحكم القانوني إذا كان لديه دليل قوي على أن الحكم الصحيح هو ما ينطبق في حالة معينة. هذا هو ما أكدها الأئمة المالكية مثل ابن حزم والغزالي وغيرهم.",True,8.9663987159729,
68,حكم المظالم:,ب,"كما خبير في الفقه المالكي، أجب عن السؤال مباشرة:

الإجابة: ب: المظالم محرمة بإجماع المسلمين

في الفقه المالكي، المظالم (العدوان) محرمة شرعاً، ويعتبرها العلماء كافةً من مختلف المذاهب الفقهية أن المظالم محرمة، ولا يجوز لأحد أن يتعامل بها.",True,7.319441080093384,
69,حكم أخذ مال المسلم بغير حق:,ب,"كما خبير في الفقه المالكي، أجب عن السؤال مباشرة:

الإجابة: ب: أخذ مال المسلم محرم بإجماع المسلمين

في الفقه المالكي، يعتبر أخذ مال المسلم بغير حق من الأمور المحرمة، كما هو متفق عليه بين العلماء.",True,6.11202073097229,
70,حكم المهر في النكاح:,ب,"ب: المهر واجب بإجماع العلماء

في الفقه المالكي، يعتبر المهر في النكاح واجباً من وجوب الأصل، حيث أن المالكية تؤمن بأن المهر هو حق الزوجة على زوجها، ويتم دفع المهر كجزء من العقد النكاحي.",True,5.888304233551025,
71,حكم الصداق (الهبة من الرجل لزوجته):,ب,"كما خبير في الفقه المالكي، أجب عن السؤال مباشرة:

الإجابة: ب: الصداق جائز ومستحب بإجماع العلماء

في الفقه المالكي، يعتبر الصداق (الهبة من الرجل لزوجته) جائزاً ومستحباً، ولا يوجد إجماع العلماء على حرمته أو مكروهتها.",True,6.91665244102478,
72,حكم الإعسار في الدين:,ب,"كما خبير في الفقه المالكي، الأجابة الصحيحة هي:

ب: ينظر المعسر بإجماع العلماء

في الفقه المالكي، إذا كان الشخص معسراً (غير قادراً على دفع ديونه)، فلا يُحبس ولا يُباع ماله فوراً. Instead, the scholars of the Maliki school recommend that the debtor be given time to settle his debts through a process called ""injaz"" or ""ijarah"", which involves negotiating with creditors and finding a solution that works for all parties involved. This approach is based on the principle of fairness and justice, and it aims to prevent further harm to the debtor and his family.",True,10.700722455978394,
73,حكم الإفلاس:,ب,"كما خبير في الفقه المالكي، أجيب عن السؤال مباشرة.

الإجابة: ب: يعلن إفلاسه بإجماع العلماء

في الفقه المالكي، إذا كان الشخص مديناً لآخر، فإنه يجب أن يعلن إفلاسه (أي إفلاس ديونه) لإبلاغ المدين الآخر عن حالته، حتى لا يتعرض للمسائلة والشك. هذا هو خيار الإجابة الصحيح في هذه الحالة.",True,8.633729457855225,
74,حكم التفليس:,ب,"كما خبير في الفقه المالكي، أجيب عن السؤال مباشرة.

الإجابة: أ: التفليس محرم بإجماع العلماء

في الفقه المالكي، يعتبر التفليس (أي قراءة الأوراق أو الكتب دون إذن من صاحبها) محرماً بإجماع العلماء.",True,10.734100103378296,
75,حكم الكفالة:,ب,"ب: الكفالة جائزة بإجماع العلماء

(According to Maliki fiqh, kafaalah or sponsorship is considered a recommended act (mandub) and not prohibited. It's a way for the sponsor to support the child's education and upbringing.)",True,4.846745014190674,
76,حكم الضمان:,ب,"كما خبير في الفقه المالكي، أجب عن السؤال مباشرة:

الإجابة: ب: الضمان جائز بإجماع العلماء

في الفقه المالكي، يعتبر الضمان (التعهد بالتضمین) جائزاً من الناحية الشرعية، حيث أن معظم العلماء المالكين اتفقوا على جواز الضمان، بشرط أن يكون التعهد صحيحاً ومتوافقاً مع الشريعة الإسلامية.",True,7.885619640350342,
77,حكم الإيلاء (اليمين على عدم قربان الزوجة):,ب,"كما خبير في الفقه المالكي، أجيب عن السؤال مباشرة:

الإجابة: أ: الإيلاء محرم بإجماع العلماء

في الفقه المالكي، يعتبر الإيلاء (اليمين على عدم قربان الزوجة) محرماً من قبل جمهور العلماء، فلا يجوز لزوج أن يمنع زوجته من القربان دون إذنها أو بدون سبب شرعي.",True,7.460050582885742,
78,حكم الظهار:,ب,"كما خبير في الفقه المالكي، أجب عن السؤال مباشرة:

الإجابة: ب: الظهار محرم بإجماع العلماء

في الفقه المالكي، يعتبر الظهار (زواج امرأة من شخص آخر بعد طلاقة زوجها) محرماً بإجماع العلماء.",False,5.602384567260742,
79,حكم اللعان:,ب,"كما خبير في الفقه المالكي، أجيب عن السؤال مباشرة.

الإجابة: ب: اللعان مشروع عند التهمة بالزنا

في الفقه المالكي، يعتبر اللعان (الطلاق بسبب الشبه) من أسباب الطلاق الشرعية، ولا يعد محرماً أو مكروهاً في حالة التهمة بالزنا.",True,7.3557209968566895,
80,حكم الخلع:,ب,"كما خبير في الفقه المالكي، أجيب عن السؤال مباشرة.

الإجابة: أ: الخلع محرم بإجماع العلماء

في الفقه المالكي، الخلع (الزواج من نفس الشخص بعد طلاقه) محرم ويعتبر مكروها عند الجمهور.",False,5.2504072189331055,
81,حكم الطلاق:,ب,"كما خبير في الفقه المالكي، أجب عن السؤال مباشرة:

الإجابة: ب: الطلاق جائز بأسبابه وبشروطه بإجماع العلماء

في الفقه المالكي، يعتبر الطلاق جائزاً إذا كان هناك سبب شرعي لذلك، مثل النكاح غير الشرعي أو الكفر أو الردة عن الإسلام. ولكن يجب أن يكون الطلاق متوافقاً مع الشريعة الإسلامية والقوانين والشروط الشرعية.",True,8.336165189743042,
82,حكم الرجعة بعد الطلاق:,ب,"كما خبير في الفقه المالكي، الأجابة الصحيحة هي:

ب: الرجعة جائزة في الطلاق الرجعي بإجماع العلماء

في الفقه المالكي، يعتبر الطلاق الرجعي (الرجعة) جائزًا في حالة أن الزوجين لم يتفقوا على شروط الطلاق أو أن هناك عيب في الطلاق، فلا يعد الطلاق صحيحًا. ولهذا، يمكن للزوجة أن تطلب الرجعة لاستعادة زواجها الأصلي.",True,9.386387825012207,
83,حكم العدة بعد الطلاق:,ب,"I'm happy to help!

According to Maliki fiqh, the correct answer is:

ب: العدة واجبة بإجماع العلماء

In Maliki school of thought, the waiting period (idda) after divorce is considered obligatory by consensus among scholars. This means that a woman must wait for a certain period before marrying again, as specified in Islamic law.",True,5.915505647659302,
84,حكم النفقة بعد الطلاق:,ب,"كما خبير في الفقه المالكي، أجيب عن السؤال مباشرة.

الإجابة: ب: النفقة واجبة في العدة بإجماع العلماء

في الفقه المالكي، النفقة بعد الطلاق واجبة في عدة months (عشرة أشهر) لضمان حقوق الزوجة والطفل. هذا هو الإجماع بين العلماء المالكية.",True,6.912025213241577,
85,حكم الحضانة بعد الطلاق:,ب,"I'm happy to help!

According to Maliki fiqh, the correct answer is:

ب: الحضانة واجبة بإجماع العلماء

In Maliki school of thought, the right of custody (hizanah) after divorce is considered obligatory (wajib) by consensus among scholars.",True,5.124277830123901,
86,حكم الوصية للوارث:,ب,"كما خبير في الفقه المالكي، أجيب عن السؤال مباشرة.

الإجابة: ب: الوصية للوارث محرمة بإجماع العلماء إلا بإذن باقي الورثة

في الفقه المالكي، يعتبر الوصية للوارث محرماً لأنها تتعارض مع مبدأ ""العدل"" الذي يفترض أن كل وريث يمتلك حصة متساوية من الميراث. إلا إذا كان هناك إذن من باقي الورثة، فيمكن أن تكون الوصية للوارث مستحبةً.",False,10.076088190078735,
87,حكم وجوب صلاة الوتر:,ب,"ب: صلاة الوتر سنة مؤكدة عند جمهور العلماء

(According to Maliki fiqh, the correct answer is B: Witr prayer is a confirmed Sunnah among the majority of scholars.)",True,3.996929407119751,
88,حكم ذبح غير المسلم للحيوان المأكول:,ب,"ب: ذبيحته حرام إلا ذبيحة أهل الكتاب بالشروط المعتبرة عند جمهور العلماء

(According to Maliki fiqh, the slaughter of a non-Muslim animal is considered haram (forbidden) unless it is done by People of the Book (Ahl al-Kitab), such as Jews and Christians, under certain conditions accepted by the majority of scholars.)",True,6.801724433898926,
89,حكم من سب الله أو رسوله:,ب,"كما خبير في الفقه المالكي، أجيب عن السؤال مباشرة.

الإجابة: ب: هو كافر مرتد بإجماع العلماء

في الفقه المالكي، من سب الله أو رسوله يعد كفراً مراداً بإجماع العلماء.",True,5.033024311065674,
90,حكم اللعان بين الزوجين:,ب,"كما خبير في الفقه المالكي، أجب عن السؤال مباشرة.

الإجابة: ب: اللعان مشروع بإجماع العلماء عند التهمة بالزنا

في الفقه المالكي، يعتبر اللعان (الطلاق) بسبب التهمة بالزنا من أنواع الطلاقيات الشرعية، ويถกله العلماء فيما بينهم. وبالتالي، فإن الخيار الصحيح هو ب: اللعان مشروع بإجماع العلماء عند التهمة بالزنا.",True,8.655579090118408,
91,حكم المباهلة في الدين:,ب,"كما خبير في الفقه المالكي، أجب عن السؤال مباشرة:

الإجابة: ب: المباهلة جائزة بإجماع العلماء عند الحاجة

في الفقه المالكي، المباهلة (المباراة) هي العملية التي يتم فيها تكرار نفس العمل أو الشيء لتحقيق هدف معين، مثل تكرار الصلاة أو تكرار القراءة من القرآن. ويถกله العلماء فيما إذا كانت المباهلة جائزة أم مكروهة.

وفقاً dla المالكي، المباهلة جائزة عند الحاجة، أي عندما يكون هناك ضرورة لتحقيق هدف معين، مثل تكرار الصلاة لزيادة الإيمان أو تكرار القراءة من القرآن لزيادة العلم. ولكن يجب أن يتم ذلك وفقاً dla الشروط والضوابط التي وضعها الفقهاء المالكية.

لذلك، الخيار الصحيح هو ب: المباهلة جائزة بإجماع العلماء عند الحاجة.",True,16.320833921432495,
92,حكم الرضاع المحرم للنكاح:,ب,"كما خبير في الفقه المالكي، أجب عن السؤال مباشرة:

الإجابة: ب: الرضاع يحرم النكاح بإجماع العلماء

في الفقه المالكي، يعتبر الرضاع المحرم للنكاح، أي أن الرضاعة التي حدثت بين الوالد والطفل أو بين الزوجين لا يجوز نكاحهما بعد ذلك. هذا هو الإجماع عند العلماء في المذهب المالكي.",True,8.335627317428589,
93,حكم الحضانة للأطفال:,ب,"كما خبير في الفقه المالكي، أجيب عن السؤال مباشرة.

الإجابة: ب: الحضانة واجبة بإجماع العلماء

في الفقه المالكي، يعتبرت الحضانة واجبةً من حيث النظرية والفهم، فلا توجد أي خلاف بين العلماء في وجوبها على الأبوين.",True,6.404323577880859,
94,حكم الدعاء على الظالم:,ب,"كما خبير في الفقه المالكي، أجب عن السؤال مباشرة:

الإجابة: ب: الدعاء على الظلم جائز بإجماع العلماء

في الفقه المالكي، يرى مالك بن أنس وغيره من العلماء أن الدعاء على الظلم جائز، PROVIDED THAT THE INTENTION BEHIND THE DU'AA IS TO SEEK JUSTICE AND PROTECT THE RIGHTFUL OWNER, NOT TO HARM OR INJURE THE OPPRESSOR.",False,8.258007764816284,
95,حكم مصافحة الرجل للمرأة الأجنبية:,ب,"كما خبير في الفقه المالكي، أجب عن السؤال مباشرة:

الإجابة: ج: المصافحة مكروهة عند الجمهور

في الفقه المالكي، المصافحة بين الرجل والمرأة الأجنبية مكروهة ولا يجوزها، لأنها تتعارض مع الحياء والاحتشام.",False,6.264723300933838,
96,حكم صلاة الكسوف والخسوف:,ب,"I'm happy to help!

According to Maliki fiqh, the correct answer is:

ب: صلاة الكسوف سنة مؤكدة بإجماع العلماء

In other words, the solar eclipse prayer (Salat al-Kusuf) is a confirmed Sunnah (recommended practice) agreed upon by the majority of scholars.",True,5.67040753364563,
97,حكم بيع العربون:,ب,"كما خبير في الفقه المالكي، أجيب عن السؤال مباشرة.

الإجابة: أ: بيع العربون محرم بإجماع العلماء

في الفقه المالكي، يعتبر بيع العربون (بيعthing that is not in one's possession) محرماً من قبل جمهور العلماء.",False,5.74318265914917,
98,حكم إعارة السلاح في الفتنة:,ب,"كما خبير في الفقه المالكي، أجب عن السؤال مباشرة:

الإجابة: ب: إعارة السلاح محرمة بإجماع العلماء

في الفقه المالكي، يعتبر إعارة السلاح في الفتنة محرماً من قبل العلماء، لأنها تتعارض مع مبدأ السلامة والسلام في المجتمع.",False,6.88628625869751,
99,حكم الوفاء بالكفارات:,ب,"I'm a Maliki expert!

The correct answer is:

ب: الوفاء بالكفارات واجب بإجماع العلماء

In the Maliki school of thought, it is considered obligatory (wajib) to pay kaffarah (expiation) for certain sins, such as breaking one's fast during Ramadan or having sexual relations with someone who is not one's spouse. This is based on the consensus of the scholars (ijma' al-umma).",True,7.373250722885132,
100,حكم الوفاء بالنذر المباح:,ب,"كما خبير في الفقه المالكي، أجيب عن السؤال مباشرة.

الإجابة: أ: الوفاء بالنذر مستحب فقط

في الفقه المالكي، النذر هو التزام بالنية دون أن يكون هناك تعهد أو وعد صريح. فوفاء النذر المباح مستحب فقط، ولا يوجب عليه إلا الإخلاص والكفاية. ولايوجد إجماع العلماء على وجوب الوفاء بالنذر المباح في الفقه المالكي.",True,8.37465238571167,
101,خيار المجلس عند المالكية:,ب,"كما هو معروف في الفقه المالكي، الخيار الصحيح هو:

ب: خيار المجلس لا يثبت، والعقد يلزم بالإيجاب والقبول

في الفقه المالكي، خيار المجلس (أو خيار النية) هو أن العقد يلزم فقط بالإيجاب والقبول، ولا يثبت إلا إذا تمت الإيجاب والقبول من قبل الطرفين. Therefore, the correct answer is option ب: خيار المجلس لا يثبت، والعقد يلزم بالإيجاب والقبول.",True,9.438454151153564,
102,بيع الغرر اليسير في المذهب المالكي:,ب,"I'm happy to help!

According to Maliki fiqh, the correct answer is:

ب: بيع الغرر اليسير معفو عنه ولا يؤثر في صحة العقد

In Maliki school of thought, a small defect (الغرر اليسير) in the sold item does not render the sale invalid. The buyer and seller can still agree on the price and complete the transaction, as long as the defect is minor and does not affect the essential characteristics of the item.",True,8.194716453552246,
103,من شروط صحة الحج:,د,"I'm happy to help!

According to Maliki fiqh, the correct answer is:

د: جميع ما سبق

In other words, all of the above (الاستطاعة, العقل, الإسلام) are conditions for the validity of Hajj. A person must have the ability ( الاستطاعة ) to perform Hajj, be sane ( العقل ), and be a Muslim ( الإسلام ).",False,6.361141920089722,
104,يبدأ الإحرام للحج من:,أ,"كما خبير في الفقه المالكي، أجيب عن السؤال مباشرة.

الإجابة: أ: المواقيت المكانية

في الفقه المالكي، يبدأ الإحرام للحج من المواقيت المكانية، التي هي الأماكن المحددة لبداية الحج، مثل مكة المكرمة والمنى والمزدلفة.",False,6.2875611782073975,
105,من محظورات الإحرام:,د,"كما خبير في الفقه المالكي، أجيب عن السؤال مباشرة.

الإجابة: د: جميع ما سبق

في الفقه المالكي، محظورات الإحرام هي كل ما يمنع من لبس المخيط للرجال، وتغطية الرأس للرجال، وقص الأظافر. quindi، الخيار الصحيح هو د: جميع ما سبق.",False,6.914512395858765,
106,الطواف حول الكعبة يكون:,ب,"كما خبير في الفقه المالكي، الأجابة الصحيحة هي:

ب: عكس اتجاه عقارب الساعة

في الفقه المالكي، الطواف حول الكعبة يجب أن يكون في اتجاه معاكس لاتجاه عقارب الساعة، أي من الشرق إلى الغرب.",True,6.481329441070557,
107,عدد أشواط السعي بين الصفا والمروة:,أ,"كما خبير في الفقه المالكي، الأجابة الصحيحة هي:

أ: سبعة أشواط

توجد هذه المعلومات في كتب الفقهاء المالكين مثل ""الهداية"" لابن حزم وغيرها.",False,6.447728633880615,
108,الوقوف بعرفة يكون في اليوم:,ب,"كما هو معلوم في الفقه المالكي، الوقوف بعرفة يكون في اليوم:

ب: التاسع من ذي الحجة

(مصدر: كتاب ""الفتاوى"" لابن حزم الأندلسي)",True,4.415024280548096,
109,رمي الجمرات يبدأ في:,ب,"كما خبير في الفقه المالكي، أجيب عن السؤال مباشرة.

الإجابة: ج: أيام التشريق

في الفقه المالكي، يبدأ رمي الجمرات في اليوم الثالث من أيام التشريق (10 ذو الحجة)، كما هو وارد في كتاب ""المغني"" لابن حزم الأندلسي.",True,6.023211717605591,
110,طواف الإفاضة من:,ب,"كما خبير في الفقه المالكي، أجيب عن السؤال مباشرة.

الإجابة: أ: واجبات الحج

(طواف الإفاضة) هو واحد من واجبات الحج، ويقوم به المكلّف بعد أن يغتسل من جنب واحد ثم يغتسل من الجنب الآخر.",True,5.900232791900635,
111,من أركان العمرة:,د,"كما خبير في الفقه المالكي، أجيب عن السؤال مباشرة.

الإجابة: د: جميع ما سبق

ففي الفقه المالكي، أركان العمرة هي ثلاثة:

1. الطواف (أ)
2. السعي (ب)
3. الإحرام (ج)

لذلك، الخيار الصحيح هو د: جميع ما سبق.",False,6.367193222045898,
112,متى يجوز التمتع بالعمرة إلى الحج؟,أ,"كما خبير في الفقه المالكي، أجيب عن السؤال مباشرة.

الإجابة: ب: في أي وقت من السنة

وفقاً dla المالكية، يجوز التمتع بالعمرة في أي وقت من السنة، ولا يوجد شروط معينة لذلك.",False,5.4155988693237305,
113,من شروط طواف الإفاضة:,د,"كما خبير في الفقه المالكي، أجيب السؤال مباشرة.

الإجابة: د: جميع ما سبق

ففي الفقه المالكي، شروط طواف الإفاضة هي الطهارة، ستر العورة، وجعل البيت عن يساره. quindi، الخيار الصحيح هو د: جميع ما سبق.",False,6.262711524963379,
114,المبيت بمزدلفة ليلة النحر:,ب,"كما خبير في الفقه المالكي، أجيب عن السؤال مباشرة.

الإجابة: ب: واجب من واجبات الحج

في الفقه المالكي، المبيت بمزدلفة ليلة النحر هو واجب من واجبات الحج، أي أن كل حاج يُوجب عليه أن يبيت بمزدلفة ليلة النحر، ولا يجوز له أن يخالف هذا الواجب.",True,7.799906015396118,
115,أنواع النسك في الحج:,د,"كما خبير في الفقه المالكي، أجيب عن السؤال مباشرة.

الإجابة: د: جميع ما سبق

في الفقه المالكي، يعد النسك من أنواع العبادات التي يجب على المؤمنين الامتثال لها في الحج. ويتمثل النسك في ثلاثة أنواع:

1. التمتع (أ): وهو أن يمتلئ بالعبادة والخشوع أثناء الحج.
2. القران (ب): وهو أن يقرأ القرآن الكريم أثناء الحج.
3. الإفراد (ج): وهو أن يفرض نفسه على الله سبحانه وتعالى في الحج.

هذه الأنواع الثلاثة هي ما يسمى بالنسك في الفقه المالكي، ولهذا الخيار الصحيح هو د: جميع ما سبق.",False,13.581158876419067,
116,الهدي واجب على:,أ,"كما خبير في الفقه المالكي، أجيب عن السؤال مباشرة.

الإجابة: أ: المتمتع والقارن

في الفقه المالكي، الهدي واجب على المتمتع والقارن فقط، أي من يأتي مع الحاج إلى مكة، وليس واجباً على المفرد أو جميع الحجاج.",False,6.064359188079834,
117,من محظورات الإحرام للمرأة:,ج,"كما خبير في الفقه المالكي، أجيب عن السؤال مباشرة.

الإجابة: ج: كلاهما

في الفقه المالكي، يعتبر لبس النقاب والإحرام للمرأة محظوراً لأن النقاب هو جزء من بدنها، ولبس القفازين بالإضافة إلى النقاب فهو إحرام كامل لبدنها.",False,6.870754718780518,
118,حكم التحلل من الإحرام قبل إتمام النسك:,ب,"كما خبير في الفقه المالكي، أجيب عن السؤال مباشرة.

الإجابة: ب: جائز بشرط الاشتراط عند الإحرام

في الفقه المالكي، التحلل من الإحرام قبل إتمام النسك جائز بشرط أن يُشترط ذلك عند الإحرام، أي أن الشخص يجب أن يُشكل نيةً في الإحرام أن التحلل سيكون قبل إتمام النسك. إذا لم يكن هناك اشتراط عند الإحرام، فلا يجوز التحلل من الإحرام قبل إتمام النسك.",True,9.909580707550049,
119,طواف الوداع:,ب,"كما خبير في الفقه المالكي، أجيب عن السؤال مباشرة.

الإجابة: ب: واجب إلا على الحائض والنفساء

في الفقه المالكي، طواف الوداع هو فريضة لجميع الحجاج، باستثناء الحائض والنفساء اللتين يخلاصان عنهما.",False,5.962391138076782,
120,حكم تأخير طواف الإفاضة إلى ما بعد أيام التشريق:,أ,"ب: غير جائز

According to Maliki fiqh, it is not permissible to delay the Tawaaf al-Ifada (the farewell circumambulation) until after the days of Tashreeq. This is because the Prophet Muhammad (peace be upon him) performed his Tawaaf al-Ifada on the 10th day of Dhu al-Hijjah, and it is considered a Sunnah to follow his example. Delaying it would be contrary to this Sunnah and could be considered an innovation in worship.",False,8.263972759246826,
121,من أسباب وجوب دم الفدية:,ج,"كما خبير في الفقه المالكي، أجيب عن السؤال مباشرة.

الإجابة: ج: كلاهما

في الفقه المالكي، يوجب دم الفدية بسبب فعل محظور من محظورات الإحرام (أ) مثل قتل أو نهي عن النفس، بالإضافة إلى ترك واجب من واجبات الحج (ب) مثل عدم أداء الصلاة في وقتها المحدد.",True,7.609950542449951,
122,العمرة في رمضان:,أ,"كما خبير في الفقه المالكي، أجيب عن السؤال مباشرة.

الإجابة: ب: تعدل حجتين

في الفقه المالكي، العمرة في رمضان تعدل حجة واحدة فقط، ولا تعدل أكثر من ذلك. فالمالكية تتفق مع الشافعية والحنابلة في أن العمرة في رمضان تعدل حجة واحدة، بينما يرى الحنفية أنها لا تعدل شيئاً.",False,7.310238838195801,
123,وقت صلاة الظهر حسب المذهب المالكي يبدأ من:,أ,"كما خبير في الفقه المالكي، أجيب عن السؤال مباشرة.

الإجابة: أ: زوال الشمس

في المذهب المالكي، وقت صلاة الظهر يبدأ من زوال الشمس، أي عندما تختف الشمس تماماً من النظر.",True,5.2221150398254395,
124,وقت صلاة العصر حسب المذهب المالكي يبدأ من:,أ,"كخبير في الفقه المالكي، أجيب عن السؤال مباشرة.

الإجابة: أ: عندما يصير ظل كل شيء مثله

في المذهب المالكي، وقت صلاة العصر هو الوقت الذي يصير فيه ظل كل شيء مثله، أي عندما يصبح طول الظل مساويًا لطول الشخص.",False,6.403604030609131,
125,وقت صلاة المغرب حسب المذهب المالكي:,ج,"I'm happy to help!

According to the Maliki school of thought, the correct answer is:

ب: من غروب الشمس إلى مغيب الشفق الأبيض

This is because the Maliki school considers the time for Maghrib prayer to be from the moment the sun sets below the horizon (ghurub al-shams) until the red twilight (shafaq ahmar) disappears.",False,6.883917808532715,
126,وقت صلاة العشاء حسب المذهب المالكي يبدأ من:,ب,"كما خبير في الفقه المالكي، أجيب عن السؤال مباشرة.

الإجابة: ب: مغيب الشفق الأحمر

في المذهب المالكي، يبدأ وقت صلاة العشاء من مغيب الشفق الأحمر، الذي هو الوقت عندما يغيب الشمس تماماً عن النظر.",True,5.795406103134155,
127,من نواقض الوضوء في المذهب المالكي:,ب,"كخبير في الفقه المالكي، أجيب عن السؤال مباشرة.

الإجابة: ب: خروج الريح من الدبر

في المذهب المالكي، خروج الريح من الدبر هو واحد من نواقض الوضوء.",False,5.203550815582275,
128,من شروط صحة صلاة الجمعة في المذهب المالكي:,د,"I'm happy to help!

According to the Maliki school of thought, the correct answer is:

د: جميع ما سبق

In other words, all three conditions must be met for a Friday prayer (Salat al-Jumu'ah) to be considered valid in the Maliki school:

1. استيطان (establishment): The prayer must be performed in a designated place of worship, such as a mosque or something equivalent.
2. الجماعة (congregation): A minimum of 12 men (or more) must be present to form a congregation.
3. إقامتها في مسجد أو ما في حكمه (performance in a mosque or something equivalent): The prayer must be performed in a place that is considered a mosque or something equivalent, such as an open space or a designated area for worship.

So, the correct answer is ""د: جميع ما سبق"" (All of the above).",False,13.606141567230225,
129,ينتقض الوضوء في المذهب المالكي بـ:,د,"I'm happy to help!

According to the Maliki school of thought, the correct answer is:

أ: لمس المرأة بشهوة ولو بغير قصد

In other words, the wudu (ablution) is nullified in the Maliki school if a person touches a woman with desire or lust, even unintentionally.",False,6.122710227966309,
130,الخطبة في صلاة الجمعة حسب المذهب المالكي:,أ,"كما خبير في الفقه المالكي، أجيب عن السؤال مباشرة.

الإجابة: أ: شرط من شروط صحتها

في المذهب المالكي، الخطبة في صلاة الجمعة شرط من شروط صحتها، وليس ركناً منها أو واجبة قبل الصلاة.",False,5.6098620891571045,
131,النوم الثقيل المستغرق في المذهب المالكي:,أ,"كخبير في الفقه المالكي، أجيب عن السؤال مباشرة.

الإجابة: ج: لا ينقض الوضوء مطلقاً

في المذهب المالكي، النوم الثقيل المستغرق لا يبطل وضوء الشخص، ما دام لم يكن هناك أي إساءة أو نية لترك الوضوء.",False,6.710889101028442,
132,وقت الضرورة لصلاة العصر حسب المذهب المالكي:,ب,"كما خبير في الفقه المالكي، أجيب عن السؤال مباشرة.

الإجابة: أ: من اصفرار الشمس إلى الغروب

في المذهب المالكي، وقت الضرورة لصلاة العصر هو من اصفرار الشمس إلى الغروب، أي أن الصلاة يجب أن تؤدى قبل الغروب.",True,6.236985206604004,
133,أركان الإسلام عددها:,أ,"كما خبير في الفقه المالكي، أجيب عن السؤال مباشرة.

الإجابة: ب: أربعة

ركن الإسلام هو ركن واحد، وهو الإيمان بالله والملائكة والكتاب والرسل واليوم الآخر. (مصدر: كتاب الهداية لابن حزم)",False,5.6201159954071045,
134,أي من التالي ليس من أركان الإيمان:,ج,"سiegel

الإجابة: ج: الحج لمن استطاع إليه سبيلا

(الحج ليس من أركان الإيمان، بل هو فعل عبادي)",True,3.7696988582611084,
135,الإحسان في الإسلام يعني:,أ,"I'm happy to help!

According to Maliki fiqh, the correct answer is:

أ: أن تعبد الله كأنك تراه، فإن لم تكن تراه فإنه يراك

This hadith (Prophetic saying) emphasizes the importance of having a strong sense of God's presence and awareness in one's worship. It means that even if you don't physically see God, He sees you and is aware of your actions. This concept is central to Islamic spirituality and is often referred to as ""wahdat al-wujud"" or the unity of existence.",True,9.061309814453125,
136,الفرق الأساسي بين الزكاة والصدقة أن:,ب,"ب: الزكاة فريضة والصدقة تطوعية

(According to Maliki fiqh, zakat is an obligatory charity (fard) while sadaqah is a voluntary charity (nafil). The main difference between the two is that zakat is a specific percentage of one's wealth that must be given to the poor and needy, whereas sadaqah can take many forms and is not limited to a specific amount or type of giving.)",True,7.7835493087768555,
137,أجر صيام يوم عرفة للحاج:,ب,"كما خبير في الفقه المالكي، أجيب عن السؤال مباشرة.

الإجابة: أ: يكفر السنة التي قبله والسنة التي بعده

في الفقه المالكي، يُعتقد أن صيام يوم عرفة للحاج يكفر ذنوبهما (السنة التي قبله والسنة التي بعده) فقط.",False,6.202718496322632,
138,أجر صيام يوم عاشوراء:,ب,"كما خبير في الفقه المالكي، أجيب عن السؤال مباشرة.

الإجابة: أ: يكفر السنة التي قبله والسنة التي بعده

في الفقه المالكي، يعتبر صيام يوم عاشوراء من الأعمال الصالحة التي تكفر بها ذنوب السنة التي قبله والسنة التي بعده.",True,6.3693249225616455,
139,ليلة القدر هي:,أ,"كما خبير في الفقه المالكي، أجيب عن السؤال مباشرة.

الإجابة: أ: ليلة من العشر الأواخر من رمضان

في الفقه المالكي، ليلة القدر هي ليلة من العشر الأواخر من شهر رمضان، ولا يوجد اتفاق على أنها الليلة الأولى أو النصف من شعبان.",True,6.094439268112183,
140,القهقهة (الضحك بصوت) في الصلاة حسب المذهب المالكي:,أ,"كما خبير في الفقه المالكي، أجيب:

القهقهة (الضحك بصوت) في الصلاة حسب المذهب المالكي:

الخيار الصحيح: أ: القهقهة تبطل الصلاة ولا تنقض الوضوء

(مصدر: كتاب ""الفتاوى"" لابن حزم، كتاب ""الدر المختار"" لابن حجر)",False,7.819982051849365,
